2026-09-01T14:24:04.616913Z  INFO backstitch_rust_core::helpers::tracing: 98: Tracing subscriber initialized
2026-09-01T14:24:04.616968Z  INFO backstitch_rust_core::interop::extension: 29: ** on_level_init: Scene
2026-09-01T14:24:04.619451Z  INFO backstitch_rust_core::interop::extension: 46: ** on_level_init: Editor
2026-09-01T14:24:04.625667Z DEBUG backstitch_rust_core::interop::godot_project: 978: ** GodotProjectPlugin: enter_tree
2026-09-01T14:24:06.683476Z  INFO backstitch_rust_core::interop::godot_project: 734: Backstitch config has no project id, not autostarting...
2026-09-01T14:30:13.018033Z  INFO backstitch_rust_core::helpers::tracing: 98: Tracing subscriber initialized
2026-09-01T14:30:13.018056Z  INFO backstitch_rust_core::interop::extension: 29: ** on_level_init: Scene
2026-09-01T14:30:13.021857Z  INFO backstitch_rust_core::interop::extension: 46: ** on_level_init: Editor
2026-09-01T14:30:20.270104Z  INFO backstitch_rust_core::helpers::tracing: 98: Tracing subscriber initialized
2026-09-01T14:30:20.270121Z  INFO backstitch_rust_core::interop::extension: 29: ** on_level_init: Scene
2026-09-01T14:30:20.273757Z  INFO backstitch_rust_core::interop::extension: 46: ** on_level_init: Editor
2026-09-01T14:33:05.366357Z  INFO backstitch_rust_core::helpers::tracing: 98: Tracing subscriber initialized
2026-09-01T14:33:05.366370Z  INFO backstitch_rust_core::interop::extension: 29: ** on_level_init: Scene
2026-09-01T14:33:05.370079Z  INFO backstitch_rust_core::interop::extension: 46: ** on_level_init: Editor
2026-09-01T14:33:07.492979Z  INFO backstitch_rust_core::interop::extension: 52: ** on_level_deinit: Editor
2026-09-01T14:33:07.493157Z  INFO backstitch_rust_core::interop::extension: 70: ** on_level_deinit: Scene
2026-09-01T14:33:08.766165Z  INFO backstitch_rust_core::helpers::tracing: 98: Tracing subscriber initialized
2026-09-01T14:33:08.766178Z  INFO backstitch_rust_core::interop::extension: 29: ** on_level_init: Scene
2026-09-01T14:33:08.769549Z  INFO backstitch_rust_core::interop::extension: 46: ** on_level_init: Editor
2026-09-01T14:34:02.339262Z  INFO backstitch_rust_core::helpers::tracing: 98: Tracing subscriber initialized
2026-09-01T14:34:02.339277Z  INFO backstitch_rust_core::interop::extension: 29: ** on_level_init: Scene
2026-09-01T14:34:02.342740Z  INFO backstitch_rust_core::interop::extension: 46: ** on_level_init: Editor
2026-09-01T14:34:10.806288Z  INFO backstitch_rust_core::interop::extension: 52: ** on_level_deinit: Editor
2026-09-01T14:34:10.806455Z  INFO backstitch_rust_core::interop::extension: 70: ** on_level_deinit: Scene
2026-09-01T14:39:38.608416Z  INFO backstitch_rust_core::helpers::tracing: 98: Tracing subscriber initialized
2026-09-01T14:39:38.608429Z  INFO backstitch_rust_core::interop::extension: 29: ** on_level_init: Scene
2026-09-01T14:39:38.611947Z  INFO backstitch_rust_core::interop::extension: 46: ** on_level_init: Editor
2026-09-01T14:39:57.514425Z  INFO backstitch_rust_core::helpers::tracing: 98: Tracing subscriber initialized
2026-09-01T14:39:57.514440Z  INFO backstitch_rust_core::interop::extension: 29: ** on_level_init: Scene
2026-09-01T14:39:57.518208Z  INFO backstitch_rust_core::interop::extension: 46: ** on_level_init: Editor
2026-09-01T14:40:40.706202Z  INFO backstitch_rust_core::helpers::tracing: 98: Tracing subscriber initialized
2026-09-01T14:40:40.706220Z  INFO backstitch_rust_core::interop::extension: 29: ** on_level_init: Scene
2026-09-01T14:40:40.709767Z  INFO backstitch_rust_core::interop::extension: 46: ** on_level_init: Editor
2026-09-01T14:40:46.884492Z  INFO backstitch_rust_core::helpers::tracing: 98: Tracing subscriber initialized
2026-09-01T14:40:46.884505Z  INFO backstitch_rust_core::interop::extension: 29: ** on_level_init: Scene
2026-09-01T14:40:46.888147Z  INFO backstitch_rust_core::interop::extension: 46: ** on_level_init: Editor
2026-09-01T14:41:19.633776Z  INFO backstitch_rust_core::helpers::tracing: 98: Tracing subscriber initialized
2026-09-01T14:41:19.633793Z  INFO backstitch_rust_core::interop::extension: 29: ** on_level_init: Scene
2026-09-01T14:41:19.637385Z  INFO backstitch_rust_core::interop::extension: 46: ** on_level_init: Editor
2026-09-01T14:43:43.081163Z  INFO backstitch_rust_core::helpers::tracing: 98: Tracing subscriber initialized
2026-09-01T14:43:43.081177Z  INFO backstitch_rust_core::interop::extension: 29: ** on_level_init: Scene
2026-09-01T14:43:43.084637Z  INFO backstitch_rust_core::interop::extension: 46: ** on_level_init: Editor
2026-09-01T14:44:01.303191Z  INFO backstitch_rust_core::interop::extension: 52: ** on_level_deinit: Editor
2026-09-01T14:44:01.303337Z  INFO backstitch_rust_core::interop::extension: 70: ** on_level_deinit: Scene
2026-09-01T14:44:08.664263Z  INFO backstitch_rust_core::helpers::tracing: 98: Tracing subscriber initialized
2026-09-01T14:44:08.664276Z  INFO backstitch_rust_core::interop::extension: 29: ** on_level_init: Scene
2026-09-01T14:44:08.668466Z  INFO backstitch_rust_core::interop::extension: 46: ** on_level_init: Editor
2026-09-01T14:48:45.292637Z  INFO backstitch_rust_core::helpers::tracing: 98: Tracing subscriber initialized
2026-09-01T14:48:45.292653Z  INFO backstitch_rust_core::interop::extension: 29: ** on_level_init: Scene
2026-09-01T14:48:45.296437Z  INFO backstitch_rust_core::interop::extension: 46: ** on_level_init: Editor
2026-09-01T14:48:56.976307Z  INFO backstitch_rust_core::interop::extension: 52: ** on_level_deinit: Editor
2026-09-01T14:48:56.976445Z  INFO backstitch_rust_core::interop::extension: 70: ** on_level_deinit: Scene
2026-09-01T14:56:56.277405Z  INFO backstitch_rust_core::helpers::tracing: 98: Tracing subscriber initialized
2026-09-01T14:56:56.277427Z  INFO backstitch_rust_core::interop::extension: 29: ** on_level_init: Scene
2026-09-01T14:56:56.281423Z  INFO backstitch_rust_core::interop::extension: 46: ** on_level_init: Editor
2026-09-01T14:57:39.469632Z  INFO backstitch_rust_core::helpers::tracing: 98: Tracing subscriber initialized
2026-09-01T14:57:39.469654Z  INFO backstitch_rust_core::interop::extension: 29: ** on_level_init: Scene
2026-09-01T14:57:39.473147Z  INFO backstitch_rust_core::interop::extension: 46: ** on_level_init: Editor
2026-09-01T14:57:39.762343Z  INFO backstitch_rust_core::interop::extension: 52: ** on_level_deinit: Editor
2026-09-01T14:57:39.762487Z  INFO backstitch_rust_core::interop::extension: 70: ** on_level_deinit: Scene
2026-09-01T14:57:43.987086Z  INFO backstitch_rust_core::helpers::tracing: 98: Tracing subscriber initialized
2026-09-01T14:57:43.987113Z  INFO backstitch_rust_core::interop::extension: 29: ** on_level_init: Scene
2026-09-01T14:57:43.990727Z  INFO backstitch_rust_core::interop::extension: 46: ** on_level_init: Editor
2026-09-01T14:57:44.181397Z  INFO backstitch_rust_core::interop::extension: 52: ** on_level_deinit: Editor
2026-09-01T14:57:44.181540Z  INFO backstitch_rust_core::interop::extension: 70: ** on_level_deinit: Scene
2026-09-01T14:57:52.180644Z  INFO backstitch_rust_core::helpers::tracing: 98: Tracing subscriber initialized
2026-09-01T14:57:52.180666Z  INFO backstitch_rust_core::interop::extension: 29: ** on_level_init: Scene
2026-09-01T14:57:52.184312Z  INFO backstitch_rust_core::interop::extension: 46: ** on_level_init: Editor
2026-09-01T14:57:52.377017Z  INFO backstitch_rust_core::interop::extension: 52: ** on_level_deinit: Editor
2026-09-01T14:57:52.377344Z  INFO backstitch_rust_core::interop::extension: 70: ** on_level_deinit: Scene
2026-09-01T14:58:01.035068Z  INFO backstitch_rust_core::helpers::tracing: 98: Tracing subscriber initialized
2026-09-01T14:58:01.035091Z  INFO backstitch_rust_core::interop::extension: 29: ** on_level_init: Scene
2026-09-01T14:58:01.038943Z  INFO backstitch_rust_core::interop::extension: 46: ** on_level_init: Editor
2026-09-01T14:58:01.223009Z  INFO backstitch_rust_core::interop::extension: 52: ** on_level_deinit: Editor
2026-09-01T14:58:01.228045Z  INFO backstitch_rust_core::interop::extension: 70: ** on_level_deinit: Scene
2026-09-01T14:58:17.952074Z  INFO backstitch_rust_core::helpers::tracing: 98: Tracing subscriber initialized
2026-09-01T14:58:17.952097Z  INFO backstitch_rust_core::interop::extension: 29: ** on_level_init: Scene
2026-09-01T14:58:17.955891Z  INFO backstitch_rust_core::interop::extension: 46: ** on_level_init: Editor
2026-09-01T14:58:18.141564Z  INFO backstitch_rust_core::interop::extension: 52: ** on_level_deinit: Editor
2026-09-01T14:58:18.146735Z  INFO backstitch_rust_core::interop::extension: 70: ** on_level_deinit: Scene
2026-09-01T15:20:55.318476Z  INFO backstitch_rust_core::helpers::tracing: 98: Tracing subscriber initialized
2026-09-01T15:20:55.318489Z  INFO backstitch_rust_core::interop::extension: 29: ** on_level_init: Scene
2026-09-01T15:20:55.321968Z  INFO backstitch_rust_core::interop::extension: 46: ** on_level_init: Editor
2026-09-01T15:23:04.852384Z  INFO backstitch_rust_core::interop::extension: 52: ** on_level_deinit: Editor
2026-09-01T15:23:04.852543Z  INFO backstitch_rust_core::interop::extension: 70: ** on_level_deinit: Scene
2026-09-01T15:24:09.550028Z  INFO backstitch_rust_core::helpers::tracing: 98: Tracing subscriber initialized
2026-09-01T15:24:09.550040Z  INFO backstitch_rust_core::interop::extension: 29: ** on_level_init: Scene
2026-09-01T15:24:09.553527Z  INFO backstitch_rust_core::interop::extension: 46: ** on_level_init: Editor
2026-09-01T15:25:54.487248Z  INFO backstitch_rust_core::interop::extension: 52: ** on_level_deinit: Editor
2026-09-01T15:25:54.487413Z  INFO backstitch_rust_core::interop::extension: 70: ** on_level_deinit: Scene
2026-09-01T15:43:46.077054Z  INFO backstitch_rust_core::helpers::tracing: 98: Tracing subscriber initialized
2026-09-01T15:43:46.077068Z  INFO backstitch_rust_core::interop::extension: 29: ** on_level_init: Scene
2026-09-01T15:43:46.080522Z  INFO backstitch_rust_core::interop::extension: 46: ** on_level_init: Editor
2026-09-01T15:45:16.234679Z  INFO backstitch_rust_core::interop::extension: 52: ** on_level_deinit: Editor
2026-09-01T15:45:16.234837Z  INFO backstitch_rust_core::interop::extension: 70: ** on_level_deinit: Scene
2026-09-01T15:47:19.029492Z  INFO backstitch_rust_core::helpers::tracing: 98: Tracing subscriber initialized
2026-09-01T15:47:19.029507Z  INFO backstitch_rust_core::interop::extension: 29: ** on_level_init: Scene
2026-09-01T15:47:19.032997Z  INFO backstitch_rust_core::interop::extension: 46: ** on_level_init: Editor
2026-09-01T15:58:03.165939Z  INFO backstitch_rust_core::interop::extension: 52: ** on_level_deinit: Editor
2026-09-01T15:58:03.166152Z  INFO backstitch_rust_core::interop::extension: 70: ** on_level_deinit: Scene
2026-09-01T16:00:24.955620Z  INFO backstitch_rust_core::helpers::tracing: 98: Tracing subscriber initialized
2026-09-01T16:00:24.955642Z  INFO backstitch_rust_core::interop::extension: 29: ** on_level_init: Scene
2026-09-01T16:00:24.959619Z  INFO backstitch_rust_core::interop::extension: 46: ** on_level_init: Editor
2026-09-01T16:00:25.160696Z  INFO backstitch_rust_core::interop::extension: 52: ** on_level_deinit: Editor
2026-09-01T16:00:25.162403Z  INFO backstitch_rust_core::interop::extension: 70: ** on_level_deinit: Scene
2026-09-01T16:01:36.789944Z  INFO backstitch_rust_core::helpers::tracing: 98: Tracing subscriber initialized
2026-09-01T16:01:36.789967Z  INFO backstitch_rust_core::interop::extension: 29: ** on_level_init: Scene
2026-09-01T16:01:36.793845Z  INFO backstitch_rust_core::interop::extension: 46: ** on_level_init: Editor
2026-09-01T16:01:37.013309Z  INFO backstitch_rust_core::interop::extension: 52: ** on_level_deinit: Editor
2026-09-01T16:01:37.015115Z  INFO backstitch_rust_core::interop::extension: 70: ** on_level_deinit: Scene
2026-09-01T16:09:00.445247Z  INFO backstitch_rust_core::helpers::tracing: 98: Tracing subscriber initialized
2026-09-01T16:09:00.445262Z  INFO backstitch_rust_core::interop::extension: 29: ** on_level_init: Scene
2026-09-01T16:09:00.449174Z  INFO backstitch_rust_core::interop::extension: 46: ** on_level_init: Editor
2026-09-01T16:09:26.336688Z  INFO backstitch_rust_core::helpers::tracing: 98: Tracing subscriber initialized
2026-09-01T16:09:26.336701Z  INFO backstitch_rust_core::interop::extension: 29: ** on_level_init: Scene
2026-09-01T16:09:26.341190Z  INFO backstitch_rust_core::interop::extension: 46: ** on_level_init: Editor
2026-09-01T16:10:06.571879Z  INFO backstitch_rust_core::helpers::tracing: 98: Tracing subscriber initialized
2026-09-01T16:10:06.571895Z  INFO backstitch_rust_core::interop::extension: 29: ** on_level_init: Scene
2026-09-01T16:10:06.575693Z  INFO backstitch_rust_core::interop::extension: 46: ** on_level_init: Editor
2026-09-01T16:12:02.327552Z  INFO backstitch_rust_core::helpers::tracing: 98: Tracing subscriber initialized
2026-09-01T16:12:02.327574Z  INFO backstitch_rust_core::interop::extension: 29: ** on_level_init: Scene
2026-09-01T16:12:02.331227Z  INFO backstitch_rust_core::interop::extension: 46: ** on_level_init: Editor
2026-09-01T16:13:09.973368Z  INFO backstitch_rust_core::helpers::tracing: 98: Tracing subscriber initialized
2026-09-01T16:13:09.973391Z  INFO backstitch_rust_core::interop::extension: 29: ** on_level_init: Scene
2026-09-01T16:13:09.977347Z  INFO backstitch_rust_core::interop::extension: 46: ** on_level_init: Editor
2026-09-01T16:14:11.993719Z  INFO backstitch_rust_core::helpers::tracing: 98: Tracing subscriber initialized
2026-09-01T16:14:11.993742Z  INFO backstitch_rust_core::interop::extension: 29: ** on_level_init: Scene
2026-09-01T16:14:11.997541Z  INFO backstitch_rust_core::interop::extension: 46: ** on_level_init: Editor
2026-09-01T16:14:58.174038Z  INFO backstitch_rust_core::helpers::tracing: 98: Tracing subscriber initialized
2026-09-01T16:14:58.174061Z  INFO backstitch_rust_core::interop::extension: 29: ** on_level_init: Scene
2026-09-01T16:14:58.177902Z  INFO backstitch_rust_core::interop::extension: 46: ** on_level_init: Editor
2026-09-01T16:15:55.299332Z  INFO backstitch_rust_core::helpers::tracing: 98: Tracing subscriber initialized
2026-09-01T16:15:55.299354Z  INFO backstitch_rust_core::interop::extension: 29: ** on_level_init: Scene
2026-09-01T16:15:55.303235Z  INFO backstitch_rust_core::interop::extension: 46: ** on_level_init: Editor
2026-09-01T16:15:55.536171Z  INFO backstitch_rust_core::interop::extension: 52: ** on_level_deinit: Editor
2026-09-01T16:15:55.538120Z  INFO backstitch_rust_core::interop::extension: 70: ** on_level_deinit: Scene
2026-09-01T16:16:22.601205Z  INFO backstitch_rust_core::helpers::tracing: 98: Tracing subscriber initialized
2026-09-01T16:16:22.601218Z  INFO backstitch_rust_core::interop::extension: 29: ** on_level_init: Scene
2026-09-01T16:16:22.605387Z  INFO backstitch_rust_core::interop::extension: 46: ** on_level_init: Editor
2026-09-01T16:17:34.638817Z  INFO backstitch_rust_core::helpers::tracing: 98: Tracing subscriber initialized
2026-09-01T16:17:34.638831Z  INFO backstitch_rust_core::interop::extension: 29: ** on_level_init: Scene
2026-09-01T16:17:34.642710Z  INFO backstitch_rust_core::interop::extension: 46: ** on_level_init: Editor
2026-09-01T16:18:23.151620Z  INFO backstitch_rust_core::interop::extension: 52: ** on_level_deinit: Editor
2026-09-01T16:18:23.151766Z  INFO backstitch_rust_core::interop::extension: 70: ** on_level_deinit: Scene
2026-09-01T16:18:38.156770Z  INFO backstitch_rust_core::helpers::tracing: 98: Tracing subscriber initialized
2026-09-01T16:18:38.156784Z  INFO backstitch_rust_core::interop::extension: 29: ** on_level_init: Scene
2026-09-01T16:18:38.160351Z  INFO backstitch_rust_core::interop::extension: 46: ** on_level_init: Editor
2026-09-01T16:19:39.422709Z  INFO backstitch_rust_core::interop::extension: 52: ** on_level_deinit: Editor
2026-09-01T16:19:39.422886Z  INFO backstitch_rust_core::interop::extension: 70: ** on_level_deinit: Scene
2026-09-01T16:22:21.053390Z  INFO backstitch_rust_core::helpers::tracing: 98: Tracing subscriber initialized
2026-09-01T16:22:21.053406Z  INFO backstitch_rust_core::interop::extension: 29: ** on_level_init: Scene
2026-09-01T16:22:21.056849Z  INFO backstitch_rust_core::interop::extension: 46: ** on_level_init: Editor
2026-09-01T16:23:08.439902Z  INFO backstitch_rust_core::interop::extension: 52: ** on_level_deinit: Editor
2026-09-01T16:23:08.440049Z  INFO backstitch_rust_core::interop::extension: 70: ** on_level_deinit: Scene
2026-09-01T16:23:10.079949Z  INFO backstitch_rust_core::helpers::tracing: 98: Tracing subscriber initialized
2026-09-01T16:23:10.079964Z  INFO backstitch_rust_core::interop::extension: 29: ** on_level_init: Scene
2026-09-01T16:23:10.083553Z  INFO backstitch_rust_core::interop::extension: 46: ** on_level_init: Editor
2026-09-01T16:23:41.497147Z  INFO backstitch_rust_core::interop::extension: 52: ** on_level_deinit: Editor
2026-09-01T16:23:41.497278Z  INFO backstitch_rust_core::interop::extension: 70: ** on_level_deinit: Scene
2026-09-01T16:26:49.550570Z  INFO backstitch_rust_core::helpers::tracing: 98: Tracing subscriber initialized
2026-09-01T16:26:49.550583Z  INFO backstitch_rust_core::interop::extension: 29: ** on_level_init: Scene
2026-09-01T16:26:49.554518Z  INFO backstitch_rust_core::interop::extension: 46: ** on_level_init: Editor
2026-09-01T16:27:25.992369Z  INFO backstitch_rust_core::helpers::tracing: 98: Tracing subscriber initialized
2026-09-01T16:27:25.992386Z  INFO backstitch_rust_core::interop::extension: 29: ** on_level_init: Scene
2026-09-01T16:27:25.995990Z  INFO backstitch_rust_core::interop::extension: 46: ** on_level_init: Editor
2026-09-01T16:28:12.464971Z  INFO backstitch_rust_core::interop::extension: 52: ** on_level_deinit: Editor
2026-09-01T16:28:12.465121Z  INFO backstitch_rust_core::interop::extension: 70: ** on_level_deinit: Scene
2026-09-01T16:28:14.036288Z  INFO backstitch_rust_core::helpers::tracing: 98: Tracing subscriber initialized
2026-09-01T16:28:14.036313Z  INFO backstitch_rust_core::interop::extension: 29: ** on_level_init: Scene
2026-09-01T16:28:14.039666Z  INFO backstitch_rust_core::interop::extension: 46: ** on_level_init: Editor
2026-09-01T16:28:43.203562Z  INFO backstitch_rust_core::interop::extension: 52: ** on_level_deinit: Editor
2026-09-01T16:28:43.203733Z  INFO backstitch_rust_core::interop::extension: 70: ** on_level_deinit: Scene
2026-09-01T16:28:44.840327Z  INFO backstitch_rust_core::helpers::tracing: 98: Tracing subscriber initialized
2026-09-01T16:28:44.840341Z  INFO backstitch_rust_core::interop::extension: 29: ** on_level_init: Scene
2026-09-01T16:28:44.843949Z  INFO backstitch_rust_core::interop::extension: 46: ** on_level_init: Editor
2026-09-01T16:29:35.174541Z  INFO backstitch_rust_core::interop::extension: 52: ** on_level_deinit: Editor
2026-09-01T16:29:35.174679Z  INFO backstitch_rust_core::interop::extension: 70: ** on_level_deinit: Scene
2026-09-01T16:37:20.532127Z  INFO backstitch_rust_core::helpers::tracing: 98: Tracing subscriber initialized
2026-09-01T16:37:20.532145Z  INFO backstitch_rust_core::interop::extension: 29: ** on_level_init: Scene
2026-09-01T16:37:20.535998Z  INFO backstitch_rust_core::interop::extension: 46: ** on_level_init: Editor
2026-09-01T16:37:59.438251Z  INFO backstitch_rust_core::helpers::tracing: 98: Tracing subscriber initialized
2026-09-01T16:37:59.438267Z  INFO backstitch_rust_core::interop::extension: 29: ** on_level_init: Scene
2026-09-01T16:37:59.441916Z  INFO backstitch_rust_core::interop::extension: 46: ** on_level_init: Editor
2026-09-01T16:39:09.150950Z  INFO backstitch_rust_core::helpers::tracing: 98: Tracing subscriber initialized
2026-09-01T16:39:09.150961Z  INFO backstitch_rust_core::interop::extension: 29: ** on_level_init: Scene
2026-09-01T16:39:09.154484Z  INFO backstitch_rust_core::interop::extension: 46: ** on_level_init: Editor
2026-09-01T16:39:58.297306Z  INFO backstitch_rust_core::helpers::tracing: 98: Tracing subscriber initialized
2026-09-01T16:39:58.297323Z  INFO backstitch_rust_core::interop::extension: 29: ** on_level_init: Scene
2026-09-01T16:39:58.301281Z  INFO backstitch_rust_core::interop::extension: 46: ** on_level_init: Editor
2026-09-01T16:40:53.664649Z  INFO backstitch_rust_core::helpers::tracing: 98: Tracing subscriber initialized
2026-09-01T16:40:53.664662Z  INFO backstitch_rust_core::interop::extension: 29: ** on_level_init: Scene
2026-09-01T16:40:53.668525Z  INFO backstitch_rust_core::interop::extension: 46: ** on_level_init: Editor
2026-09-01T16:42:51.142210Z  INFO backstitch_rust_core::helpers::tracing: 98: Tracing subscriber initialized
2026-09-01T16:42:51.142223Z  INFO backstitch_rust_core::interop::extension: 29: ** on_level_init: Scene
2026-09-01T16:42:51.146083Z  INFO backstitch_rust_core::interop::extension: 46: ** on_level_init: Editor
2026-09-01T16:43:13.500090Z  INFO backstitch_rust_core::helpers::tracing: 98: Tracing subscriber initialized
2026-09-01T16:43:13.500104Z  INFO backstitch_rust_core::interop::extension: 29: ** on_level_init: Scene
2026-09-01T16:43:13.503892Z  INFO backstitch_rust_core::interop::extension: 46: ** on_level_init: Editor
2026-09-01T16:44:08.135108Z  INFO backstitch_rust_core::helpers::tracing: 98: Tracing subscriber initialized
2026-09-01T16:44:08.135121Z  INFO backstitch_rust_core::interop::extension: 29: ** on_level_init: Scene
2026-09-01T16:44:08.138784Z  INFO backstitch_rust_core::interop::extension: 46: ** on_level_init: Editor
2026-09-01T16:44:43.742165Z  INFO backstitch_rust_core::helpers::tracing: 98: Tracing subscriber initialized
2026-09-01T16:44:43.742179Z  INFO backstitch_rust_core::interop::extension: 29: ** on_level_init: Scene
2026-09-01T16:44:43.745740Z  INFO backstitch_rust_core::interop::extension: 46: ** on_level_init: Editor
2026-09-01T16:45:40.917675Z  INFO backstitch_rust_core::interop::extension: 52: ** on_level_deinit: Editor
2026-09-01T16:45:40.917835Z  INFO backstitch_rust_core::interop::extension: 70: ** on_level_deinit: Scene
2026-09-01T16:45:59.969991Z  INFO backstitch_rust_core::helpers::tracing: 98: Tracing subscriber initialized
2026-09-01T16:45:59.970003Z  INFO backstitch_rust_core::interop::extension: 29: ** on_level_init: Scene
2026-09-01T16:45:59.973553Z  INFO backstitch_rust_core::interop::extension: 46: ** on_level_init: Editor
2026-09-01T16:46:40.192818Z  INFO backstitch_rust_core::interop::extension: 52: ** on_level_deinit: Editor
2026-09-01T16:46:40.192967Z  INFO backstitch_rust_core::interop::extension: 70: ** on_level_deinit: Scene
2026-09-01T16:52:15.964774Z  INFO backstitch_rust_core::helpers::tracing: 98: Tracing subscriber initialized
2026-09-01T16:52:15.964787Z  INFO backstitch_rust_core::interop::extension: 29: ** on_level_init: Scene
2026-09-01T16:52:15.968602Z  INFO backstitch_rust_core::interop::extension: 46: ** on_level_init: Editor
2026-09-01T16:52:46.757307Z  INFO backstitch_rust_core::interop::extension: 52: ** on_level_deinit: Editor
2026-09-01T16:52:46.757453Z  INFO backstitch_rust_core::interop::extension: 70: ** on_level_deinit: Scene
2026-09-01T16:59:26.414812Z  INFO backstitch_rust_core::helpers::tracing: 98: Tracing subscriber initialized
2026-09-01T16:59:26.414831Z  INFO backstitch_rust_core::interop::extension: 29: ** on_level_init: Scene
2026-09-01T16:59:26.418701Z  INFO backstitch_rust_core::interop::extension: 46: ** on_level_init: Editor
2026-09-01T17:00:49.299714Z  INFO backstitch_rust_core::helpers::tracing: 98: Tracing subscriber initialized
2026-09-01T17:00:49.299742Z  INFO backstitch_rust_core::interop::extension: 29: ** on_level_init: Scene
2026-09-01T17:00:49.303654Z  INFO backstitch_rust_core::interop::extension: 46: ** on_level_init: Editor
2026-09-01T17:01:47.981091Z  INFO backstitch_rust_core::helpers::tracing: 98: Tracing subscriber initialized
2026-09-01T17:01:47.981104Z  INFO backstitch_rust_core::interop::extension: 29: ** on_level_init: Scene
2026-09-01T17:01:47.984945Z  INFO backstitch_rust_core::interop::extension: 46: ** on_level_init: Editor
2026-09-01T17:02:51.317969Z  INFO backstitch_rust_core::helpers::tracing: 98: Tracing subscriber initialized
2026-09-01T17:02:51.317987Z  INFO backstitch_rust_core::interop::extension: 29: ** on_level_init: Scene
2026-09-01T17:02:51.322367Z  INFO backstitch_rust_core::interop::extension: 46: ** on_level_init: Editor
2026-09-01T17:04:02.642251Z  INFO backstitch_rust_core::helpers::tracing: 98: Tracing subscriber initialized
2026-09-01T17:04:02.642265Z  INFO backstitch_rust_core::interop::extension: 29: ** on_level_init: Scene
2026-09-01T17:04:02.646331Z  INFO backstitch_rust_core::interop::extension: 46: ** on_level_init: Editor
2026-09-01T17:04:33.277588Z  INFO backstitch_rust_core::helpers::tracing: 98: Tracing subscriber initialized
2026-09-01T17:04:33.277604Z  INFO backstitch_rust_core::interop::extension: 29: ** on_level_init: Scene
2026-09-01T17:04:33.281053Z  INFO backstitch_rust_core::interop::extension: 46: ** on_level_init: Editor
2026-09-01T17:05:03.365821Z  INFO backstitch_rust_core::interop::extension: 52: ** on_level_deinit: Editor
2026-09-01T17:05:03.365986Z  INFO backstitch_rust_core::interop::extension: 70: ** on_level_deinit: Scene
2026-09-01T17:08:02.617282Z  INFO backstitch_rust_core::helpers::tracing: 98: Tracing subscriber initialized
2026-09-01T17:08:02.617293Z  INFO backstitch_rust_core::interop::extension: 29: ** on_level_init: Scene
2026-09-01T17:08:02.620995Z  INFO backstitch_rust_core::interop::extension: 46: ** on_level_init: Editor
2026-09-01T17:08:05.818044Z  INFO backstitch_rust_core::interop::extension: 52: ** on_level_deinit: Editor
2026-09-01T17:08:05.818204Z  INFO backstitch_rust_core::interop::extension: 70: ** on_level_deinit: Scene
2026-09-01T17:21:33.795940Z  INFO backstitch_rust_core::helpers::tracing: 98: Tracing subscriber initialized
2026-09-01T17:21:33.795955Z  INFO backstitch_rust_core::interop::extension: 29: ** on_level_init: Scene
2026-09-01T17:21:33.799661Z  INFO backstitch_rust_core::interop::extension: 46: ** on_level_init: Editor
2026-09-01T17:21:40.144332Z  INFO backstitch_rust_core::interop::extension: 52: ** on_level_deinit: Editor
2026-09-01T17:21:40.144484Z  INFO backstitch_rust_core::interop::extension: 70: ** on_level_deinit: Scene
2026-09-01T17:27:25.279026Z  INFO backstitch_rust_core::helpers::tracing: 98: Tracing subscriber initialized
2026-09-01T17:27:25.279042Z  INFO backstitch_rust_core::interop::extension: 29: ** on_level_init: Scene
2026-09-01T17:27:25.282768Z  INFO backstitch_rust_core::interop::extension: 46: ** on_level_init: Editor
2026-09-01T17:27:27.579398Z  INFO backstitch_rust_core::interop::extension: 52: ** on_level_deinit: Editor
2026-09-01T17:27:27.579540Z  INFO backstitch_rust_core::interop::extension: 70: ** on_level_deinit: Scene
2026-09-01T17:27:53.727490Z  INFO backstitch_rust_core::helpers::tracing: 98: Tracing subscriber initialized
2026-09-01T17:27:53.727502Z  INFO backstitch_rust_core::interop::extension: 29: ** on_level_init: Scene
2026-09-01T17:27:53.731274Z  INFO backstitch_rust_core::interop::extension: 46: ** on_level_init: Editor
2026-09-01T17:28:32.230816Z  INFO backstitch_rust_core::interop::extension: 52: ** on_level_deinit: Editor
2026-09-01T17:28:32.230976Z  INFO backstitch_rust_core::interop::extension: 70: ** on_level_deinit: Scene
2026-09-01T17:34:48.702153Z  INFO backstitch_rust_core::helpers::tracing: 98: Tracing subscriber initialized
2026-09-01T17:34:48.702168Z  INFO backstitch_rust_core::interop::extension: 29: ** on_level_init: Scene
2026-09-01T17:34:48.706092Z  INFO backstitch_rust_core::interop::extension: 46: ** on_level_init: Editor
2026-09-01T17:34:54.334502Z  INFO backstitch_rust_core::interop::extension: 52: ** on_level_deinit: Editor
2026-09-01T17:34:54.334694Z  INFO backstitch_rust_core::interop::extension: 70: ** on_level_deinit: Scene
2026-09-01T17:39:32.021961Z  INFO backstitch_rust_core::helpers::tracing: 98: Tracing subscriber initialized
2026-09-01T17:39:32.021975Z  INFO backstitch_rust_core::interop::extension: 29: ** on_level_init: Scene
2026-09-01T17:39:32.026017Z  INFO backstitch_rust_core::interop::extension: 46: ** on_level_init: Editor
2026-09-01T17:39:46.652391Z  INFO backstitch_rust_core::helpers::tracing: 98: Tracing subscriber initialized
2026-09-01T17:39:46.652414Z  INFO backstitch_rust_core::interop::extension: 29: ** on_level_init: Scene
2026-09-01T17:39:46.657008Z  INFO backstitch_rust_core::interop::extension: 46: ** on_level_init: Editor
2026-09-01T17:39:46.688525Z  INFO backstitch_rust_core::interop::extension: 52: ** on_level_deinit: Editor
2026-09-01T17:39:46.688850Z  INFO backstitch_rust_core::interop::extension: 70: ** on_level_deinit: Scene
2026-09-01T17:39:50.393131Z  INFO backstitch_rust_core::helpers::tracing: 98: Tracing subscriber initialized
2026-09-01T17:39:50.393155Z  INFO backstitch_rust_core::interop::extension: 29: ** on_level_init: Scene
2026-09-01T17:39:50.396905Z  INFO backstitch_rust_core::interop::extension: 46: ** on_level_init: Editor
2026-09-01T17:39:50.438753Z  INFO backstitch_rust_core::interop::extension: 52: ** on_level_deinit: Editor
2026-09-01T17:39:50.438999Z  INFO backstitch_rust_core::interop::extension: 70: ** on_level_deinit: Scene
2026-09-01T17:39:57.664024Z  INFO backstitch_rust_core::helpers::tracing: 98: Tracing subscriber initialized
2026-09-01T17:39:57.664046Z  INFO backstitch_rust_core::interop::extension: 29: ** on_level_init: Scene
2026-09-01T17:39:57.669366Z  INFO backstitch_rust_core::interop::extension: 46: ** on_level_init: Editor
2026-09-01T17:39:57.689735Z  INFO backstitch_rust_core::interop::extension: 52: ** on_level_deinit: Editor
2026-09-01T17:39:57.690043Z  INFO backstitch_rust_core::interop::extension: 70: ** on_level_deinit: Scene
2026-09-01T17:40:10.374321Z  INFO backstitch_rust_core::helpers::tracing: 98: Tracing subscriber initialized
2026-09-01T17:40:10.374345Z  INFO backstitch_rust_core::interop::extension: 29: ** on_level_init: Scene
2026-09-01T17:40:10.378016Z  INFO backstitch_rust_core::interop::extension: 46: ** on_level_init: Editor
2026-09-01T17:40:10.397491Z  INFO backstitch_rust_core::interop::extension: 52: ** on_level_deinit: Editor
2026-09-01T17:40:10.397747Z  INFO backstitch_rust_core::interop::extension: 70: ** on_level_deinit: Scene
2026-09-01T17:40:18.597539Z  INFO backstitch_rust_core::helpers::tracing: 98: Tracing subscriber initialized
2026-09-01T17:40:18.597567Z  INFO backstitch_rust_core::interop::extension: 29: ** on_level_init: Scene
2026-09-01T17:40:18.601674Z  INFO backstitch_rust_core::interop::extension: 46: ** on_level_init: Editor
2026-09-01T17:40:37.077824Z  INFO backstitch_rust_core::helpers::tracing: 98: Tracing subscriber initialized
2026-09-01T17:40:37.077837Z  INFO backstitch_rust_core::interop::extension: 29: ** on_level_init: Scene
2026-09-01T17:40:37.081616Z  INFO backstitch_rust_core::interop::extension: 46: ** on_level_init: Editor
2026-09-01T17:40:59.131847Z  INFO backstitch_rust_core::helpers::tracing: 98: Tracing subscriber initialized
2026-09-01T17:40:59.131862Z  INFO backstitch_rust_core::interop::extension: 29: ** on_level_init: Scene
2026-09-01T17:40:59.135869Z  INFO backstitch_rust_core::interop::extension: 46: ** on_level_init: Editor
2026-09-01T17:41:21.572604Z  INFO backstitch_rust_core::helpers::tracing: 98: Tracing subscriber initialized
2026-09-01T17:41:21.572618Z  INFO backstitch_rust_core::interop::extension: 29: ** on_level_init: Scene
2026-09-01T17:41:21.576337Z  INFO backstitch_rust_core::interop::extension: 46: ** on_level_init: Editor
2026-09-01T17:41:53.544500Z  INFO backstitch_rust_core::helpers::tracing: 98: Tracing subscriber initialized
2026-09-01T17:41:53.544513Z  INFO backstitch_rust_core::interop::extension: 29: ** on_level_init: Scene
2026-09-01T17:41:53.548219Z  INFO backstitch_rust_core::interop::extension: 46: ** on_level_init: Editor
2026-09-01T17:52:30.610600Z  INFO backstitch_rust_core::helpers::tracing: 98: Tracing subscriber initialized
2026-09-01T17:52:30.610614Z  INFO backstitch_rust_core::interop::extension: 29: ** on_level_init: Scene
2026-09-01T17:52:30.614344Z  INFO backstitch_rust_core::interop::extension: 46: ** on_level_init: Editor
2026-09-01T17:52:52.601991Z  INFO backstitch_rust_core::interop::extension: 52: ** on_level_deinit: Editor
2026-09-01T17:52:52.602145Z  INFO backstitch_rust_core::interop::extension: 70: ** on_level_deinit: Scene
2026-09-01T17:53:02.980877Z  INFO backstitch_rust_core::helpers::tracing: 98: Tracing subscriber initialized
2026-09-01T17:53:02.980888Z  INFO backstitch_rust_core::interop::extension: 29: ** on_level_init: Scene
2026-09-01T17:53:02.984420Z  INFO backstitch_rust_core::interop::extension: 46: ** on_level_init: Editor
2026-09-01T17:53:08.375900Z  INFO backstitch_rust_core::interop::extension: 52: ** on_level_deinit: Editor
2026-09-01T17:53:08.376073Z  INFO backstitch_rust_core::interop::extension: 70: ** on_level_deinit: Scene
2026-09-01T17:53:25.700584Z  INFO backstitch_rust_core::helpers::tracing: 98: Tracing subscriber initialized
2026-09-01T17:53:25.700600Z  INFO backstitch_rust_core::interop::extension: 29: ** on_level_init: Scene
2026-09-01T17:53:25.704628Z  INFO backstitch_rust_core::interop::extension: 46: ** on_level_init: Editor
2026-09-01T17:53:34.760520Z  INFO backstitch_rust_core::interop::extension: 52: ** on_level_deinit: Editor
2026-09-01T17:53:34.760666Z  INFO backstitch_rust_core::interop::extension: 70: ** on_level_deinit: Scene
2026-09-01T17:53:44.715064Z  INFO backstitch_rust_core::helpers::tracing: 98: Tracing subscriber initialized
2026-09-01T17:53:44.715079Z  INFO backstitch_rust_core::interop::extension: 29: ** on_level_init: Scene
2026-09-01T17:53:44.718881Z  INFO backstitch_rust_core::interop::extension: 46: ** on_level_init: Editor
2026-09-01T17:53:53.153750Z  INFO backstitch_rust_core::interop::extension: 52: ** on_level_deinit: Editor
2026-09-01T17:53:53.153893Z  INFO backstitch_rust_core::interop::extension: 70: ** on_level_deinit: Scene
2026-09-01T17:55:12.888553Z  INFO backstitch_rust_core::helpers::tracing: 98: Tracing subscriber initialized
2026-09-01T17:55:12.888573Z  INFO backstitch_rust_core::interop::extension: 29: ** on_level_init: Scene
2026-09-01T17:55:12.892287Z  INFO backstitch_rust_core::interop::extension: 46: ** on_level_init: Editor
2026-09-01T17:55:16.287556Z  INFO backstitch_rust_core::interop::extension: 52: ** on_level_deinit: Editor
2026-09-01T17:55:16.287716Z  INFO backstitch_rust_core::interop::extension: 70: ** on_level_deinit: Scene
2026-09-01T17:55:25.375120Z  INFO backstitch_rust_core::helpers::tracing: 98: Tracing subscriber initialized
2026-09-01T17:55:25.375135Z  INFO backstitch_rust_core::interop::extension: 29: ** on_level_init: Scene
2026-09-01T17:55:25.378699Z  INFO backstitch_rust_core::interop::extension: 46: ** on_level_init: Editor
2026-09-01T17:55:41.324058Z  INFO backstitch_rust_core::interop::extension: 52: ** on_level_deinit: Editor
2026-09-01T17:55:41.324305Z  INFO backstitch_rust_core::interop::extension: 70: ** on_level_deinit: Scene
2026-09-01T17:55:46.245097Z  INFO backstitch_rust_core::helpers::tracing: 98: Tracing subscriber initialized
2026-09-01T17:55:46.245110Z  INFO backstitch_rust_core::interop::extension: 29: ** on_level_init: Scene
2026-09-01T17:55:46.248663Z  INFO backstitch_rust_core::interop::extension: 46: ** on_level_init: Editor
2026-09-01T17:55:58.892750Z  INFO backstitch_rust_core::interop::extension: 52: ** on_level_deinit: Editor
2026-09-01T17:55:58.892924Z  INFO backstitch_rust_core::interop::extension: 70: ** on_level_deinit: Scene
2026-09-01T17:56:01.456065Z  INFO backstitch_rust_core::helpers::tracing: 98: Tracing subscriber initialized
2026-09-01T17:56:01.456078Z  INFO backstitch_rust_core::interop::extension: 29: ** on_level_init: Scene
2026-09-01T17:56:01.459644Z  INFO backstitch_rust_core::interop::extension: 46: ** on_level_init: Editor
2026-09-01T17:56:09.758494Z  INFO backstitch_rust_core::interop::extension: 52: ** on_level_deinit: Editor
2026-09-01T17:56:09.758732Z  INFO backstitch_rust_core::interop::extension: 70: ** on_level_deinit: Scene
2026-09-01T17:59:55.377442Z  INFO backstitch_rust_core::helpers::tracing: 98: Tracing subscriber initialized
2026-09-01T17:59:55.377455Z  INFO backstitch_rust_core::interop::extension: 29: ** on_level_init: Scene
2026-09-01T17:59:55.381166Z  INFO backstitch_rust_core::interop::extension: 46: ** on_level_init: Editor
2026-09-01T18:02:05.928866Z  INFO backstitch_rust_core::helpers::tracing: 98: Tracing subscriber initialized
2026-09-01T18:02:05.928878Z  INFO backstitch_rust_core::interop::extension: 29: ** on_level_init: Scene
2026-09-01T18:02:05.932511Z  INFO backstitch_rust_core::interop::extension: 46: ** on_level_init: Editor
2026-09-01T18:02:13.009309Z  INFO backstitch_rust_core::interop::extension: 52: ** on_level_deinit: Editor
2026-09-01T18:02:13.009441Z  INFO backstitch_rust_core::interop::extension: 70: ** on_level_deinit: Scene
2026-09-01T18:02:16.286238Z  INFO backstitch_rust_core::helpers::tracing: 98: Tracing subscriber initialized
2026-09-01T18:02:16.286254Z  INFO backstitch_rust_core::interop::extension: 29: ** on_level_init: Scene
2026-09-01T18:02:16.289764Z  INFO backstitch_rust_core::interop::extension: 46: ** on_level_init: Editor
2026-09-01T18:02:25.648836Z  INFO backstitch_rust_core::interop::extension: 52: ** on_level_deinit: Editor
2026-09-01T18:02:25.648977Z  INFO backstitch_rust_core::interop::extension: 70: ** on_level_deinit: Scene
2026-09-01T18:02:38.920885Z  INFO backstitch_rust_core::helpers::tracing: 98: Tracing subscriber initialized
2026-09-01T18:02:38.920901Z  INFO backstitch_rust_core::interop::extension: 29: ** on_level_init: Scene
2026-09-01T18:02:38.924297Z  INFO backstitch_rust_core::interop::extension: 46: ** on_level_init: Editor
2026-09-01T18:03:00.210925Z  INFO backstitch_rust_core::interop::extension: 52: ** on_level_deinit: Editor
2026-09-01T18:03:00.211053Z  INFO backstitch_rust_core::interop::extension: 70: ** on_level_deinit: Scene
2026-09-01T18:03:01.714401Z  INFO backstitch_rust_core::helpers::tracing: 98: Tracing subscriber initialized
2026-09-01T18:03:01.714416Z  INFO backstitch_rust_core::interop::extension: 29: ** on_level_init: Scene
2026-09-01T18:03:01.717822Z  INFO backstitch_rust_core::interop::extension: 46: ** on_level_init: Editor
2026-09-01T18:03:41.330847Z  INFO backstitch_rust_core::interop::extension: 52: ** on_level_deinit: Editor
2026-09-01T18:03:41.331011Z  INFO backstitch_rust_core::interop::extension: 70: ** on_level_deinit: Scene
2026-09-01T18:03:49.529843Z  INFO backstitch_rust_core::helpers::tracing: 98: Tracing subscriber initialized
2026-09-01T18:03:49.529858Z  INFO backstitch_rust_core::interop::extension: 29: ** on_level_init: Scene
2026-09-01T18:03:49.533709Z  INFO backstitch_rust_core::interop::extension: 46: ** on_level_init: Editor
2026-09-01T18:04:09.084245Z  INFO backstitch_rust_core::interop::extension: 52: ** on_level_deinit: Editor
2026-09-01T18:04:09.084521Z  INFO backstitch_rust_core::interop::extension: 70: ** on_level_deinit: Scene
2026-09-01T18:07:09.957134Z  INFO backstitch_rust_core::helpers::tracing: 98: Tracing subscriber initialized
2026-09-01T18:07:09.957151Z  INFO backstitch_rust_core::interop::extension: 29: ** on_level_init: Scene
2026-09-01T18:07:09.960842Z  INFO backstitch_rust_core::interop::extension: 46: ** on_level_init: Editor
2026-09-01T18:09:02.069961Z  INFO backstitch_rust_core::helpers::tracing: 98: Tracing subscriber initialized
2026-09-01T18:09:02.069976Z  INFO backstitch_rust_core::interop::extension: 29: ** on_level_init: Scene
2026-09-01T18:09:02.073961Z  INFO backstitch_rust_core::interop::extension: 46: ** on_level_init: Editor
2026-09-01T18:09:58.732956Z  INFO backstitch_rust_core::helpers::tracing: 98: Tracing subscriber initialized
2026-09-01T18:09:58.732973Z  INFO backstitch_rust_core::interop::extension: 29: ** on_level_init: Scene
2026-09-01T18:09:58.736659Z  INFO backstitch_rust_core::interop::extension: 46: ** on_level_init: Editor
2026-09-01T18:13:13.086896Z  INFO backstitch_rust_core::helpers::tracing: 98: Tracing subscriber initialized
2026-09-01T18:13:13.086913Z  INFO backstitch_rust_core::interop::extension: 29: ** on_level_init: Scene
2026-09-01T18:13:13.090782Z  INFO backstitch_rust_core::interop::extension: 46: ** on_level_init: Editor
2026-09-01T18:14:26.721711Z  INFO backstitch_rust_core::helpers::tracing: 98: Tracing subscriber initialized
2026-09-01T18:14:26.721724Z  INFO backstitch_rust_core::interop::extension: 29: ** on_level_init: Scene
2026-09-01T18:14:26.725754Z  INFO backstitch_rust_core::interop::extension: 46: ** on_level_init: Editor
2026-09-01T18:14:57.035183Z  INFO backstitch_rust_core::helpers::tracing: 98: Tracing subscriber initialized
2026-09-01T18:14:57.035199Z  INFO backstitch_rust_core::interop::extension: 29: ** on_level_init: Scene
2026-09-01T18:14:57.039015Z  INFO backstitch_rust_core::interop::extension: 46: ** on_level_init: Editor
2026-09-01T18:16:05.455899Z  INFO backstitch_rust_core::helpers::tracing: 98: Tracing subscriber initialized
2026-09-01T18:16:05.455912Z  INFO backstitch_rust_core::interop::extension: 29: ** on_level_init: Scene
2026-09-01T18:16:05.459872Z  INFO backstitch_rust_core::interop::extension: 46: ** on_level_init: Editor
2026-09-01T18:20:19.730594Z  INFO backstitch_rust_core::helpers::tracing: 98: Tracing subscriber initialized
2026-09-01T18:20:19.730616Z  INFO backstitch_rust_core::interop::extension: 29: ** on_level_init: Scene
2026-09-01T18:20:19.734560Z  INFO backstitch_rust_core::interop::extension: 46: ** on_level_init: Editor
2026-09-01T18:20:20.115249Z  INFO backstitch_rust_core::interop::extension: 52: ** on_level_deinit: Editor
2026-09-01T18:20:20.115427Z  INFO backstitch_rust_core::interop::extension: 70: ** on_level_deinit: Scene
2026-09-01T18:27:57.151638Z  INFO backstitch_rust_core::helpers::tracing: 98: Tracing subscriber initialized
2026-09-01T18:27:57.151651Z  INFO backstitch_rust_core::interop::extension: 29: ** on_level_init: Scene
2026-09-01T18:27:57.155343Z  INFO backstitch_rust_core::interop::extension: 46: ** on_level_init: Editor
2026-09-01T18:28:08.206834Z  INFO backstitch_rust_core::interop::extension: 52: ** on_level_deinit: Editor
2026-09-01T18:28:08.206971Z  INFO backstitch_rust_core::interop::extension: 70: ** on_level_deinit: Scene
2026-09-01T18:28:44.001197Z  INFO backstitch_rust_core::helpers::tracing: 98: Tracing subscriber initialized
2026-09-01T18:28:44.001213Z  INFO backstitch_rust_core::interop::extension: 29: ** on_level_init: Scene
2026-09-01T18:28:44.006091Z  INFO backstitch_rust_core::interop::extension: 46: ** on_level_init: Editor
2026-09-01T18:29:15.557723Z  INFO backstitch_rust_core::interop::extension: 52: ** on_level_deinit: Editor
2026-09-01T18:29:15.557865Z  INFO backstitch_rust_core::interop::extension: 70: ** on_level_deinit: Scene
2026-09-01T18:31:12.712204Z  INFO backstitch_rust_core::helpers::tracing: 98: Tracing subscriber initialized
2026-09-01T18:31:12.712233Z  INFO backstitch_rust_core::interop::extension: 29: ** on_level_init: Scene
2026-09-01T18:31:12.716443Z  INFO backstitch_rust_core::interop::extension: 46: ** on_level_init: Editor
2026-09-01T18:31:12.926406Z  INFO backstitch_rust_core::interop::extension: 52: ** on_level_deinit: Editor
2026-09-01T18:31:12.926553Z  INFO backstitch_rust_core::interop::extension: 70: ** on_level_deinit: Scene
2026-09-01T18:31:34.756109Z  INFO backstitch_rust_core::helpers::tracing: 98: Tracing subscriber initialized
2026-09-01T18:31:34.756123Z  INFO backstitch_rust_core::interop::extension: 29: ** on_level_init: Scene
2026-09-01T18:31:34.760900Z  INFO backstitch_rust_core::interop::extension: 46: ** on_level_init: Editor
2026-09-01T18:32:10.424591Z  INFO backstitch_rust_core::helpers::tracing: 98: Tracing subscriber initialized
2026-09-01T18:32:10.424620Z  INFO backstitch_rust_core::interop::extension: 29: ** on_level_init: Scene
2026-09-01T18:32:10.428976Z  INFO backstitch_rust_core::interop::extension: 46: ** on_level_init: Editor
2026-09-01T18:32:10.633790Z  INFO backstitch_rust_core::interop::extension: 52: ** on_level_deinit: Editor
2026-09-01T18:32:10.633940Z  INFO backstitch_rust_core::interop::extension: 70: ** on_level_deinit: Scene
2026-09-01T18:32:39.726066Z  INFO backstitch_rust_core::helpers::tracing: 98: Tracing subscriber initialized
2026-09-01T18:32:39.726085Z  INFO backstitch_rust_core::interop::extension: 29: ** on_level_init: Scene
2026-09-01T18:32:39.729633Z  INFO backstitch_rust_core::interop::extension: 46: ** on_level_init: Editor
2026-09-01T18:32:39.924414Z  INFO backstitch_rust_core::interop::extension: 52: ** on_level_deinit: Editor
2026-09-01T18:32:39.924553Z  INFO backstitch_rust_core::interop::extension: 70: ** on_level_deinit: Scene
2026-09-01T18:33:16.420271Z  INFO backstitch_rust_core::helpers::tracing: 98: Tracing subscriber initialized
2026-09-01T18:33:16.420299Z  INFO backstitch_rust_core::interop::extension: 29: ** on_level_init: Scene
2026-09-01T18:33:16.424699Z  INFO backstitch_rust_core::interop::extension: 46: ** on_level_init: Editor
2026-09-01T18:33:16.665837Z  INFO backstitch_rust_core::interop::extension: 52: ** on_level_deinit: Editor
2026-09-01T18:33:16.665985Z  INFO backstitch_rust_core::interop::extension: 70: ** on_level_deinit: Scene
2026-09-01T18:34:16.158128Z  INFO backstitch_rust_core::helpers::tracing: 98: Tracing subscriber initialized
2026-09-01T18:34:16.158145Z  INFO backstitch_rust_core::interop::extension: 29: ** on_level_init: Scene
2026-09-01T18:34:16.161926Z  INFO backstitch_rust_core::interop::extension: 46: ** on_level_init: Editor
2026-09-01T18:34:16.398843Z  INFO backstitch_rust_core::interop::extension: 52: ** on_level_deinit: Editor
2026-09-01T18:34:16.398980Z  INFO backstitch_rust_core::interop::extension: 70: ** on_level_deinit: Scene
2026-09-01T18:35:10.536172Z  INFO backstitch_rust_core::helpers::tracing: 98: Tracing subscriber initialized
2026-09-01T18:35:10.536188Z  INFO backstitch_rust_core::interop::extension: 29: ** on_level_init: Scene
2026-09-01T18:35:10.540644Z  INFO backstitch_rust_core::interop::extension: 46: ** on_level_init: Editor
2026-09-01T18:37:55.796093Z  INFO backstitch_rust_core::helpers::tracing: 98: Tracing subscriber initialized
2026-09-01T18:37:55.796111Z  INFO backstitch_rust_core::interop::extension: 29: ** on_level_init: Scene
2026-09-01T18:37:55.800391Z  INFO backstitch_rust_core::interop::extension: 46: ** on_level_init: Editor
2026-09-01T18:39:14.596139Z  INFO backstitch_rust_core::helpers::tracing: 98: Tracing subscriber initialized
2026-09-01T18:39:14.596154Z  INFO backstitch_rust_core::interop::extension: 29: ** on_level_init: Scene
2026-09-01T18:39:14.600308Z  INFO backstitch_rust_core::interop::extension: 46: ** on_level_init: Editor
2026-09-01T18:41:08.449274Z  INFO backstitch_rust_core::helpers::tracing: 98: Tracing subscriber initialized
2026-09-01T18:41:08.449289Z  INFO backstitch_rust_core::interop::extension: 29: ** on_level_init: Scene
2026-09-01T18:41:08.453047Z  INFO backstitch_rust_core::interop::extension: 46: ** on_level_init: Editor
2026-09-01T18:44:13.599634Z  INFO backstitch_rust_core::helpers::tracing: 98: Tracing subscriber initialized
2026-09-01T18:44:13.599657Z  INFO backstitch_rust_core::interop::extension: 29: ** on_level_init: Scene
2026-09-01T18:44:13.604096Z  INFO backstitch_rust_core::interop::extension: 46: ** on_level_init: Editor
2026-09-01T18:44:38.843050Z  INFO backstitch_rust_core::helpers::tracing: 98: Tracing subscriber initialized
2026-09-01T18:44:38.843069Z  INFO backstitch_rust_core::interop::extension: 29: ** on_level_init: Scene
2026-09-01T18:44:38.847629Z  INFO backstitch_rust_core::interop::extension: 46: ** on_level_init: Editor
2026-09-01T18:45:01.417322Z  INFO backstitch_rust_core::helpers::tracing: 98: Tracing subscriber initialized
2026-09-01T18:45:01.417339Z  INFO backstitch_rust_core::interop::extension: 29: ** on_level_init: Scene
2026-09-01T18:45:01.422085Z  INFO backstitch_rust_core::interop::extension: 46: ** on_level_init: Editor
2026-09-01T18:45:39.355582Z  INFO backstitch_rust_core::helpers::tracing: 98: Tracing subscriber initialized
2026-09-01T18:45:39.355596Z  INFO backstitch_rust_core::interop::extension: 29: ** on_level_init: Scene
2026-09-01T18:45:39.359271Z  INFO backstitch_rust_core::interop::extension: 46: ** on_level_init: Editor
2026-09-01T18:46:34.073552Z  INFO backstitch_rust_core::interop::extension: 52: ** on_level_deinit: Editor
2026-09-01T18:46:34.073694Z  INFO backstitch_rust_core::interop::extension: 70: ** on_level_deinit: Scene
2026-09-01T18:47:10.327418Z  INFO backstitch_rust_core::helpers::tracing: 98: Tracing subscriber initialized
2026-09-01T18:47:10.327434Z  INFO backstitch_rust_core::interop::extension: 29: ** on_level_init: Scene
2026-09-01T18:47:10.331047Z  INFO backstitch_rust_core::interop::extension: 46: ** on_level_init: Editor
2026-09-01T18:47:42.667805Z  INFO backstitch_rust_core::interop::extension: 52: ** on_level_deinit: Editor
2026-09-01T18:47:42.667940Z  INFO backstitch_rust_core::interop::extension: 70: ** on_level_deinit: Scene
2026-09-01T18:48:49.664373Z DEBUG backstitch_rust_core::interop::godot_project: 1025: ** GodotProjectPlugin: exit_tree
2026-09-01T18:48:50.876699Z  INFO backstitch_rust_core::interop::extension: 52: ** on_level_deinit: Editor
2026-09-01T18:48:50.877504Z  INFO backstitch_rust_core::interop::extension: 70: ** on_level_deinit: Scene
2026-09-03T18:48:13.734463Z  INFO backstitch_rust_core::helpers::tracing: 98: Tracing subscriber initialized
2026-09-03T18:48:13.734492Z  INFO backstitch_rust_core::interop::extension: 29: ** on_level_init: Scene
2026-09-03T18:48:13.739956Z  INFO backstitch_rust_core::interop::extension: 46: ** on_level_init: Editor
2026-09-03T18:48:16.301325Z DEBUG backstitch_rust_core::interop::godot_project: 978: ** GodotProjectPlugin: enter_tree
2026-09-03T18:48:22.014836Z  INFO backstitch_rust_core::interop::godot_project: 734: Backstitch config has no project id, not autostarting...
2026-09-03T18:48:26.197627Z  INFO backstitch_rust_core::helpers::tracing: 98: Tracing subscriber initialized
2026-09-03T18:48:26.197649Z  INFO backstitch_rust_core::interop::extension: 29: ** on_level_init: Scene
2026-09-03T18:48:26.202388Z  INFO backstitch_rust_core::interop::extension: 46: ** on_level_init: Editor
2026-09-03T18:49:28.989902Z  INFO backstitch_rust_core::interop::extension: 52: ** on_level_deinit: Editor
2026-09-03T18:49:28.990125Z  INFO backstitch_rust_core::interop::extension: 70: ** on_level_deinit: Scene
2026-09-03T18:51:08.706902Z DEBUG backstitch_rust_core::interop::godot_project: 1025: ** GodotProjectPlugin: exit_tree
2026-09-03T18:51:09.334672Z  INFO backstitch_rust_core::interop::extension: 52: ** on_level_deinit: Editor
2026-09-03T18:51:09.334957Z  INFO backstitch_rust_core::interop::extension: 70: ** on_level_deinit: Scene
2026-09-03T18:51:14.823360Z  INFO backstitch_rust_core::helpers::tracing: 98: Tracing subscriber initialized
2026-09-03T18:51:14.823503Z  INFO backstitch_rust_core::interop::extension: 29: ** on_level_init: Scene
2026-09-03T18:51:14.828131Z  INFO backstitch_rust_core::interop::extension: 46: ** on_level_init: Editor
2026-09-03T18:51:17.179311Z DEBUG backstitch_rust_core::interop::godot_project: 978: ** GodotProjectPlugin: enter_tree
2026-09-03T18:51:19.796301Z  INFO backstitch_rust_core::interop::godot_project: 734: Backstitch config has no project id, not autostarting...
2026-09-03T18:58:33.641694Z  INFO backstitch_rust_core::helpers::tracing: 98: Tracing subscriber initialized
2026-09-03T18:58:33.641719Z  INFO backstitch_rust_core::interop::extension: 29: ** on_level_init: Scene
2026-09-03T18:58:33.645513Z  INFO backstitch_rust_core::interop::extension: 46: ** on_level_init: Editor
2026-09-03T18:58:35.220926Z DEBUG backstitch_rust_core::interop::godot_project: 978: ** GodotProjectPlugin: enter_tree
2026-09-03T18:58:37.222160Z  INFO backstitch_rust_core::interop::godot_project: 734: Backstitch config has no project id, not autostarting...
2026-09-03T19:07:55.096616Z  INFO backstitch_rust_core::helpers::tracing: 98: Tracing subscriber initialized
2026-09-03T19:07:55.096643Z  INFO backstitch_rust_core::interop::extension: 29: ** on_level_init: Scene
2026-09-03T19:07:55.100734Z  INFO backstitch_rust_core::interop::extension: 46: ** on_level_init: Editor
2026-09-03T19:07:55.509124Z  INFO backstitch_rust_core::interop::extension: 52: ** on_level_deinit: Editor
2026-09-03T19:07:55.509286Z  INFO backstitch_rust_core::interop::extension: 70: ** on_level_deinit: Scene
2026-09-03T19:07:59.729798Z  INFO backstitch_rust_core::helpers::tracing: 98: Tracing subscriber initialized
2026-09-03T19:07:59.729821Z  INFO backstitch_rust_core::interop::extension: 29: ** on_level_init: Scene
2026-09-03T19:07:59.733259Z  INFO backstitch_rust_core::interop::extension: 46: ** on_level_init: Editor
2026-09-03T19:08:00.136210Z  INFO backstitch_rust_core::interop::extension: 52: ** on_level_deinit: Editor
2026-09-03T19:08:00.136372Z  INFO backstitch_rust_core::interop::extension: 70: ** on_level_deinit: Scene
2026-09-03T19:08:13.387008Z  INFO backstitch_rust_core::helpers::tracing: 98: Tracing subscriber initialized
2026-09-03T19:08:13.387021Z  INFO backstitch_rust_core::interop::extension: 29: ** on_level_init: Scene
2026-09-03T19:08:13.390659Z  INFO backstitch_rust_core::interop::extension: 46: ** on_level_init: Editor
2026-09-03T19:09:23.150519Z  INFO backstitch_rust_core::helpers::tracing: 98: Tracing subscriber initialized
2026-09-03T19:09:23.150535Z  INFO backstitch_rust_core::interop::extension: 29: ** on_level_init: Scene
2026-09-03T19:09:23.156026Z  INFO backstitch_rust_core::interop::extension: 46: ** on_level_init: Editor
2026-09-03T19:09:48.950663Z  INFO backstitch_rust_core::helpers::tracing: 98: Tracing subscriber initialized
2026-09-03T19:09:48.950677Z  INFO backstitch_rust_core::interop::extension: 29: ** on_level_init: Scene
2026-09-03T19:09:48.954799Z  INFO backstitch_rust_core::interop::extension: 46: ** on_level_init: Editor
2026-09-03T19:10:34.075433Z  INFO backstitch_rust_core::helpers::tracing: 98: Tracing subscriber initialized
2026-09-03T19:10:34.075446Z  INFO backstitch_rust_core::interop::extension: 29: ** on_level_init: Scene
2026-09-03T19:10:34.078916Z  INFO backstitch_rust_core::interop::extension: 46: ** on_level_init: Editor
2026-09-03T19:12:06.443694Z  INFO backstitch_rust_core::interop::extension: 52: ** on_level_deinit: Editor
2026-09-03T19:12:06.443902Z  INFO backstitch_rust_core::interop::extension: 70: ** on_level_deinit: Scene
2026-09-03T19:12:12.411859Z  INFO backstitch_rust_core::helpers::tracing: 98: Tracing subscriber initialized
2026-09-03T19:12:12.411872Z  INFO backstitch_rust_core::interop::extension: 29: ** on_level_init: Scene
2026-09-03T19:12:12.415457Z  INFO backstitch_rust_core::interop::extension: 46: ** on_level_init: Editor
2026-09-03T19:12:46.744229Z  INFO backstitch_rust_core::interop::extension: 52: ** on_level_deinit: Editor
2026-09-03T19:12:46.744421Z  INFO backstitch_rust_core::interop::extension: 70: ** on_level_deinit: Scene
2026-09-03T19:18:06.915796Z  INFO backstitch_rust_core::helpers::tracing: 98: Tracing subscriber initialized
2026-09-03T19:18:06.915809Z  INFO backstitch_rust_core::interop::extension: 29: ** on_level_init: Scene
2026-09-03T19:18:06.919582Z  INFO backstitch_rust_core::interop::extension: 46: ** on_level_init: Editor
2026-09-03T19:18:12.361258Z  INFO backstitch_rust_core::interop::extension: 52: ** on_level_deinit: Editor
2026-09-03T19:18:12.361396Z  INFO backstitch_rust_core::interop::extension: 70: ** on_level_deinit: Scene
2026-09-03T19:18:46.741684Z  INFO backstitch_rust_core::helpers::tracing: 98: Tracing subscriber initialized
2026-09-03T19:18:46.741700Z  INFO backstitch_rust_core::interop::extension: 29: ** on_level_init: Scene
2026-09-03T19:18:46.745155Z  INFO backstitch_rust_core::interop::extension: 46: ** on_level_init: Editor
2026-09-03T19:19:13.779794Z  INFO backstitch_rust_core::interop::extension: 52: ** on_level_deinit: Editor
2026-09-03T19:19:13.779945Z  INFO backstitch_rust_core::interop::extension: 70: ** on_level_deinit: Scene
2026-09-03T19:19:44.704156Z  INFO backstitch_rust_core::helpers::tracing: 98: Tracing subscriber initialized
2026-09-03T19:19:44.704177Z  INFO backstitch_rust_core::interop::extension: 29: ** on_level_init: Scene
2026-09-03T19:19:44.707694Z  INFO backstitch_rust_core::interop::extension: 46: ** on_level_init: Editor
2026-09-03T19:21:10.302182Z  INFO backstitch_rust_core::interop::extension: 52: ** on_level_deinit: Editor
2026-09-03T19:21:10.302397Z  INFO backstitch_rust_core::interop::extension: 70: ** on_level_deinit: Scene
2026-09-03T19:21:44.428398Z  INFO backstitch_rust_core::helpers::tracing: 98: Tracing subscriber initialized
2026-09-03T19:21:44.428412Z  INFO backstitch_rust_core::interop::extension: 29: ** on_level_init: Scene
2026-09-03T19:21:44.432032Z  INFO backstitch_rust_core::interop::extension: 46: ** on_level_init: Editor
2026-09-03T19:22:27.544933Z  INFO backstitch_rust_core::interop::extension: 52: ** on_level_deinit: Editor
2026-09-03T19:22:27.545119Z  INFO backstitch_rust_core::interop::extension: 70: ** on_level_deinit: Scene
2026-09-03T19:32:33.330331Z  INFO backstitch_rust_core::helpers::tracing: 98: Tracing subscriber initialized
2026-09-03T19:32:33.330345Z  INFO backstitch_rust_core::interop::extension: 29: ** on_level_init: Scene
2026-09-03T19:32:33.334359Z  INFO backstitch_rust_core::interop::extension: 46: ** on_level_init: Editor
2026-09-03T19:33:05.179881Z  INFO backstitch_rust_core::helpers::tracing: 98: Tracing subscriber initialized
2026-09-03T19:33:05.179896Z  INFO backstitch_rust_core::interop::extension: 29: ** on_level_init: Scene
2026-09-03T19:33:05.183673Z  INFO backstitch_rust_core::interop::extension: 46: ** on_level_init: Editor
2026-09-03T19:33:40.696869Z  INFO backstitch_rust_core::helpers::tracing: 98: Tracing subscriber initialized
2026-09-03T19:33:40.696888Z  INFO backstitch_rust_core::interop::extension: 29: ** on_level_init: Scene
2026-09-03T19:33:40.700951Z  INFO backstitch_rust_core::interop::extension: 46: ** on_level_init: Editor
2026-09-03T19:35:26.310774Z  INFO backstitch_rust_core::interop::extension: 52: ** on_level_deinit: Editor
2026-09-03T19:35:26.311038Z  INFO backstitch_rust_core::interop::extension: 70: ** on_level_deinit: Scene
2026-09-03T19:36:03.514300Z  INFO backstitch_rust_core::helpers::tracing: 98: Tracing subscriber initialized
2026-09-03T19:36:03.514315Z  INFO backstitch_rust_core::interop::extension: 29: ** on_level_init: Scene
2026-09-03T19:36:03.517957Z  INFO backstitch_rust_core::interop::extension: 46: ** on_level_init: Editor
2026-09-03T19:36:59.261444Z  INFO backstitch_rust_core::interop::extension: 52: ** on_level_deinit: Editor
2026-09-03T19:36:59.261658Z  INFO backstitch_rust_core::interop::extension: 70: ** on_level_deinit: Scene
2026-09-03T19:40:45.435313Z  INFO backstitch_rust_core::helpers::tracing: 98: Tracing subscriber initialized
2026-09-03T19:40:45.435325Z  INFO backstitch_rust_core::interop::extension: 29: ** on_level_init: Scene
2026-09-03T19:40:45.439029Z  INFO backstitch_rust_core::interop::extension: 46: ** on_level_init: Editor
2026-09-03T19:41:50.943662Z  INFO backstitch_rust_core::helpers::tracing: 98: Tracing subscriber initialized
2026-09-03T19:41:50.943675Z  INFO backstitch_rust_core::interop::extension: 29: ** on_level_init: Scene
2026-09-03T19:41:50.947316Z  INFO backstitch_rust_core::interop::extension: 46: ** on_level_init: Editor
2026-09-03T19:42:25.682622Z  INFO backstitch_rust_core::interop::extension: 52: ** on_level_deinit: Editor
2026-09-03T19:42:25.682866Z  INFO backstitch_rust_core::interop::extension: 70: ** on_level_deinit: Scene
2026-09-03T19:54:56.486692Z  INFO backstitch_rust_core::helpers::tracing: 98: Tracing subscriber initialized
2026-09-03T19:54:56.486709Z  INFO backstitch_rust_core::interop::extension: 29: ** on_level_init: Scene
2026-09-03T19:54:56.490322Z  INFO backstitch_rust_core::interop::extension: 46: ** on_level_init: Editor
2026-09-03T19:55:49.934847Z  INFO backstitch_rust_core::interop::extension: 52: ** on_level_deinit: Editor
2026-09-03T19:55:49.935009Z  INFO backstitch_rust_core::interop::extension: 70: ** on_level_deinit: Scene
2026-09-03T19:56:47.720519Z  INFO backstitch_rust_core::helpers::tracing: 98: Tracing subscriber initialized
2026-09-03T19:56:47.720534Z  INFO backstitch_rust_core::interop::extension: 29: ** on_level_init: Scene
2026-09-03T19:56:47.724176Z  INFO backstitch_rust_core::interop::extension: 46: ** on_level_init: Editor
2026-09-03T19:57:10.254472Z  INFO backstitch_rust_core::interop::extension: 52: ** on_level_deinit: Editor
2026-09-03T19:57:10.254659Z  INFO backstitch_rust_core::interop::extension: 70: ** on_level_deinit: Scene
2026-09-03T19:58:21.721281Z  INFO backstitch_rust_core::helpers::tracing: 98: Tracing subscriber initialized
2026-09-03T19:58:21.721294Z  INFO backstitch_rust_core::interop::extension: 29: ** on_level_init: Scene
2026-09-03T19:58:21.724999Z  INFO backstitch_rust_core::interop::extension: 46: ** on_level_init: Editor
2026-09-03T19:58:39.257542Z  INFO backstitch_rust_core::interop::extension: 52: ** on_level_deinit: Editor
2026-09-03T19:58:39.257751Z  INFO backstitch_rust_core::interop::extension: 70: ** on_level_deinit: Scene
2026-09-03T19:59:30.785097Z  INFO backstitch_rust_core::helpers::tracing: 98: Tracing subscriber initialized
2026-09-03T19:59:30.785113Z  INFO backstitch_rust_core::interop::extension: 29: ** on_level_init: Scene
2026-09-03T19:59:30.788596Z  INFO backstitch_rust_core::interop::extension: 46: ** on_level_init: Editor
2026-09-03T19:59:45.740052Z  INFO backstitch_rust_core::interop::extension: 52: ** on_level_deinit: Editor
2026-09-03T19:59:45.740236Z  INFO backstitch_rust_core::interop::extension: 70: ** on_level_deinit: Scene
2026-09-03T20:00:01.188213Z  INFO backstitch_rust_core::helpers::tracing: 98: Tracing subscriber initialized
2026-09-03T20:00:01.188225Z  INFO backstitch_rust_core::interop::extension: 29: ** on_level_init: Scene
2026-09-03T20:00:01.191842Z  INFO backstitch_rust_core::interop::extension: 46: ** on_level_init: Editor
2026-09-03T20:00:11.801625Z  INFO backstitch_rust_core::interop::extension: 52: ** on_level_deinit: Editor
2026-09-03T20:00:11.801810Z  INFO backstitch_rust_core::interop::extension: 70: ** on_level_deinit: Scene
2026-09-03T20:00:24.253303Z  INFO backstitch_rust_core::helpers::tracing: 98: Tracing subscriber initialized
2026-09-03T20:00:24.253326Z  INFO backstitch_rust_core::interop::extension: 29: ** on_level_init: Scene
2026-09-03T20:00:24.256939Z  INFO backstitch_rust_core::interop::extension: 46: ** on_level_init: Editor
2026-09-03T20:00:25.974302Z  INFO backstitch_rust_core::interop::extension: 52: ** on_level_deinit: Editor
2026-09-03T20:00:25.974483Z  INFO backstitch_rust_core::interop::extension: 70: ** on_level_deinit: Scene
2026-09-03T20:00:29.303178Z  INFO backstitch_rust_core::helpers::tracing: 98: Tracing subscriber initialized
2026-09-03T20:00:29.303190Z  INFO backstitch_rust_core::interop::extension: 29: ** on_level_init: Scene
2026-09-03T20:00:29.306918Z  INFO backstitch_rust_core::interop::extension: 46: ** on_level_init: Editor
2026-09-03T20:00:43.903442Z  INFO backstitch_rust_core::interop::extension: 52: ** on_level_deinit: Editor
2026-09-03T20:00:43.903578Z  INFO backstitch_rust_core::interop::extension: 70: ** on_level_deinit: Scene
2026-09-03T20:03:19.983108Z  INFO backstitch_rust_core::helpers::tracing: 98: Tracing subscriber initialized
2026-09-03T20:03:19.983123Z  INFO backstitch_rust_core::interop::extension: 29: ** on_level_init: Scene
2026-09-03T20:03:19.986823Z  INFO backstitch_rust_core::interop::extension: 46: ** on_level_init: Editor
2026-09-03T20:03:31.309664Z  INFO backstitch_rust_core::interop::extension: 52: ** on_level_deinit: Editor
2026-09-03T20:03:31.309876Z  INFO backstitch_rust_core::interop::extension: 70: ** on_level_deinit: Scene
2026-09-03T20:03:43.535098Z  INFO backstitch_rust_core::helpers::tracing: 98: Tracing subscriber initialized
2026-09-03T20:03:43.535109Z  INFO backstitch_rust_core::interop::extension: 29: ** on_level_init: Scene
2026-09-03T20:03:43.538750Z  INFO backstitch_rust_core::interop::extension: 46: ** on_level_init: Editor
2026-09-03T20:03:54.633554Z  INFO backstitch_rust_core::interop::extension: 52: ** on_level_deinit: Editor
2026-09-03T20:03:54.633707Z  INFO backstitch_rust_core::interop::extension: 70: ** on_level_deinit: Scene
2026-09-03T20:04:05.038933Z  INFO backstitch_rust_core::helpers::tracing: 98: Tracing subscriber initialized
2026-09-03T20:04:05.038945Z  INFO backstitch_rust_core::interop::extension: 29: ** on_level_init: Scene
2026-09-03T20:04:05.042509Z  INFO backstitch_rust_core::interop::extension: 46: ** on_level_init: Editor
2026-09-03T20:04:17.371172Z  INFO backstitch_rust_core::helpers::tracing: 98: Tracing subscriber initialized
2026-09-03T20:04:17.371190Z  INFO backstitch_rust_core::interop::extension: 29: ** on_level_init: Scene
2026-09-03T20:04:17.374958Z  INFO backstitch_rust_core::interop::extension: 46: ** on_level_init: Editor
2026-09-03T20:04:19.787561Z  INFO backstitch_rust_core::interop::extension: 52: ** on_level_deinit: Editor
2026-09-03T20:04:19.787740Z  INFO backstitch_rust_core::interop::extension: 70: ** on_level_deinit: Scene
2026-09-03T20:06:39.936063Z  INFO backstitch_rust_core::helpers::tracing: 98: Tracing subscriber initialized
2026-09-03T20:06:39.936080Z  INFO backstitch_rust_core::interop::extension: 29: ** on_level_init: Scene
2026-09-03T20:06:39.940052Z  INFO backstitch_rust_core::interop::extension: 46: ** on_level_init: Editor
2026-09-03T20:06:48.520673Z  INFO backstitch_rust_core::interop::extension: 52: ** on_level_deinit: Editor
2026-09-03T20:06:48.520828Z  INFO backstitch_rust_core::interop::extension: 70: ** on_level_deinit: Scene
2026-09-03T20:10:44.709993Z  INFO backstitch_rust_core::helpers::tracing: 98: Tracing subscriber initialized
2026-09-03T20:10:44.710009Z  INFO backstitch_rust_core::interop::extension: 29: ** on_level_init: Scene
2026-09-03T20:10:44.713805Z  INFO backstitch_rust_core::interop::extension: 46: ** on_level_init: Editor
2026-09-03T20:12:24.547361Z  INFO backstitch_rust_core::helpers::tracing: 98: Tracing subscriber initialized
2026-09-03T20:12:24.547378Z  INFO backstitch_rust_core::interop::extension: 29: ** on_level_init: Scene
2026-09-03T20:12:24.551205Z  INFO backstitch_rust_core::interop::extension: 46: ** on_level_init: Editor
2026-09-03T20:14:01.982474Z  INFO backstitch_rust_core::helpers::tracing: 98: Tracing subscriber initialized
2026-09-03T20:14:01.982488Z  INFO backstitch_rust_core::interop::extension: 29: ** on_level_init: Scene
2026-09-03T20:14:01.986438Z  INFO backstitch_rust_core::interop::extension: 46: ** on_level_init: Editor
2026-09-03T20:15:10.676230Z  INFO backstitch_rust_core::helpers::tracing: 98: Tracing subscriber initialized
2026-09-03T20:15:10.676245Z  INFO backstitch_rust_core::interop::extension: 29: ** on_level_init: Scene
2026-09-03T20:15:10.679838Z  INFO backstitch_rust_core::interop::extension: 46: ** on_level_init: Editor
2026-09-03T20:15:49.532167Z  INFO backstitch_rust_core::interop::extension: 52: ** on_level_deinit: Editor
2026-09-03T20:15:49.532387Z  INFO backstitch_rust_core::interop::extension: 70: ** on_level_deinit: Scene
2026-09-03T20:16:07.697841Z  INFO backstitch_rust_core::helpers::tracing: 98: Tracing subscriber initialized
2026-09-03T20:16:07.697857Z  INFO backstitch_rust_core::interop::extension: 29: ** on_level_init: Scene
2026-09-03T20:16:07.701348Z  INFO backstitch_rust_core::interop::extension: 46: ** on_level_init: Editor
2026-09-03T20:16:31.870115Z  INFO backstitch_rust_core::interop::extension: 52: ** on_level_deinit: Editor
2026-09-03T20:16:31.870291Z  INFO backstitch_rust_core::interop::extension: 70: ** on_level_deinit: Scene
2026-09-03T20:18:29.845133Z  INFO backstitch_rust_core::helpers::tracing: 98: Tracing subscriber initialized
2026-09-03T20:18:29.845151Z  INFO backstitch_rust_core::interop::extension: 29: ** on_level_init: Scene
2026-09-03T20:18:29.849245Z  INFO backstitch_rust_core::interop::extension: 46: ** on_level_init: Editor
2026-09-03T20:22:22.622954Z  INFO backstitch_rust_core::helpers::tracing: 98: Tracing subscriber initialized
2026-09-03T20:22:22.622967Z  INFO backstitch_rust_core::interop::extension: 29: ** on_level_init: Scene
2026-09-03T20:22:22.627213Z  INFO backstitch_rust_core::interop::extension: 46: ** on_level_init: Editor
2026-09-03T20:22:44.950762Z  INFO backstitch_rust_core::helpers::tracing: 98: Tracing subscriber initialized
2026-09-03T20:22:44.950780Z  INFO backstitch_rust_core::interop::extension: 29: ** on_level_init: Scene
2026-09-03T20:22:44.956280Z  INFO backstitch_rust_core::interop::extension: 46: ** on_level_init: Editor
2026-09-03T20:25:00.436168Z  INFO backstitch_rust_core::helpers::tracing: 98: Tracing subscriber initialized
2026-09-03T20:25:00.436184Z  INFO backstitch_rust_core::interop::extension: 29: ** on_level_init: Scene
2026-09-03T20:25:00.440218Z  INFO backstitch_rust_core::interop::extension: 46: ** on_level_init: Editor
2026-09-03T20:27:27.936498Z  INFO backstitch_rust_core::helpers::tracing: 98: Tracing subscriber initialized
2026-09-03T20:27:27.936515Z  INFO backstitch_rust_core::interop::extension: 29: ** on_level_init: Scene
2026-09-03T20:27:27.940191Z  INFO backstitch_rust_core::interop::extension: 46: ** on_level_init: Editor
2026-09-03T20:29:42.794602Z  INFO backstitch_rust_core::helpers::tracing: 98: Tracing subscriber initialized
2026-09-03T20:29:42.794619Z  INFO backstitch_rust_core::interop::extension: 29: ** on_level_init: Scene
2026-09-03T20:29:42.798535Z  INFO backstitch_rust_core::interop::extension: 46: ** on_level_init: Editor
2026-09-03T20:37:21.474427Z  INFO backstitch_rust_core::helpers::tracing: 98: Tracing subscriber initialized
2026-09-03T20:37:21.474441Z  INFO backstitch_rust_core::interop::extension: 29: ** on_level_init: Scene
2026-09-03T20:37:21.477969Z  INFO backstitch_rust_core::interop::extension: 46: ** on_level_init: Editor
2026-09-03T20:37:54.337873Z  INFO backstitch_rust_core::interop::extension: 52: ** on_level_deinit: Editor
2026-09-03T20:37:54.338036Z  INFO backstitch_rust_core::interop::extension: 70: ** on_level_deinit: Scene
2026-09-03T20:37:58.334641Z  INFO backstitch_rust_core::helpers::tracing: 98: Tracing subscriber initialized
2026-09-03T20:37:58.334654Z  INFO backstitch_rust_core::interop::extension: 29: ** on_level_init: Scene
2026-09-03T20:37:58.338639Z  INFO backstitch_rust_core::interop::extension: 46: ** on_level_init: Editor
2026-09-03T20:38:42.149886Z  INFO backstitch_rust_core::interop::extension: 52: ** on_level_deinit: Editor
2026-09-03T20:38:42.150092Z  INFO backstitch_rust_core::interop::extension: 70: ** on_level_deinit: Scene
2026-09-03T20:39:03.503260Z  INFO backstitch_rust_core::helpers::tracing: 98: Tracing subscriber initialized
2026-09-03T20:39:03.503273Z  INFO backstitch_rust_core::interop::extension: 29: ** on_level_init: Scene
2026-09-03T20:39:03.506847Z  INFO backstitch_rust_core::interop::extension: 46: ** on_level_init: Editor
2026-09-03T20:39:27.171680Z  INFO backstitch_rust_core::interop::extension: 52: ** on_level_deinit: Editor
2026-09-03T20:39:27.171815Z  INFO backstitch_rust_core::interop::extension: 70: ** on_level_deinit: Scene
2026-09-03T20:41:43.794232Z  INFO backstitch_rust_core::helpers::tracing: 98: Tracing subscriber initialized
2026-09-03T20:41:43.794246Z  INFO backstitch_rust_core::interop::extension: 29: ** on_level_init: Scene
2026-09-03T20:41:43.797835Z  INFO backstitch_rust_core::interop::extension: 46: ** on_level_init: Editor
2026-09-03T20:42:05.160769Z  INFO backstitch_rust_core::interop::extension: 52: ** on_level_deinit: Editor
2026-09-03T20:42:05.160983Z  INFO backstitch_rust_core::interop::extension: 70: ** on_level_deinit: Scene
2026-09-03T20:43:39.182206Z  INFO backstitch_rust_core::helpers::tracing: 98: Tracing subscriber initialized
2026-09-03T20:43:39.182225Z  INFO backstitch_rust_core::interop::extension: 29: ** on_level_init: Scene
2026-09-03T20:43:39.186184Z  INFO backstitch_rust_core::interop::extension: 46: ** on_level_init: Editor
2026-09-03T20:46:39.328998Z  INFO backstitch_rust_core::helpers::tracing: 98: Tracing subscriber initialized
2026-09-03T20:46:39.329011Z  INFO backstitch_rust_core::interop::extension: 29: ** on_level_init: Scene
2026-09-03T20:46:39.333086Z  INFO backstitch_rust_core::interop::extension: 46: ** on_level_init: Editor
2026-09-03T20:47:51.253021Z  INFO backstitch_rust_core::helpers::tracing: 98: Tracing subscriber initialized
2026-09-03T20:47:51.253036Z  INFO backstitch_rust_core::interop::extension: 29: ** on_level_init: Scene
2026-09-03T20:47:51.256893Z  INFO backstitch_rust_core::interop::extension: 46: ** on_level_init: Editor
2026-09-03T20:54:51.984429Z  INFO backstitch_rust_core::helpers::tracing: 98: Tracing subscriber initialized
2026-09-03T20:54:51.984442Z  INFO backstitch_rust_core::interop::extension: 29: ** on_level_init: Scene
2026-09-03T20:54:51.989461Z  INFO backstitch_rust_core::interop::extension: 46: ** on_level_init: Editor
2026-09-03T20:55:26.583307Z  INFO backstitch_rust_core::helpers::tracing: 98: Tracing subscriber initialized
2026-09-03T20:55:26.583330Z  INFO backstitch_rust_core::interop::extension: 29: ** on_level_init: Scene
2026-09-03T20:55:26.586912Z  INFO backstitch_rust_core::interop::extension: 46: ** on_level_init: Editor
2026-09-03T20:55:26.607264Z  INFO backstitch_rust_core::interop::extension: 52: ** on_level_deinit: Editor
2026-09-03T20:55:26.607591Z  INFO backstitch_rust_core::interop::extension: 70: ** on_level_deinit: Scene
2026-09-03T20:55:32.575779Z  INFO backstitch_rust_core::helpers::tracing: 98: Tracing subscriber initialized
2026-09-03T20:55:32.575803Z  INFO backstitch_rust_core::interop::extension: 29: ** on_level_init: Scene
2026-09-03T20:55:32.579503Z  INFO backstitch_rust_core::interop::extension: 46: ** on_level_init: Editor
2026-09-03T20:55:32.598967Z  INFO backstitch_rust_core::interop::extension: 52: ** on_level_deinit: Editor
2026-09-03T20:55:32.599255Z  INFO backstitch_rust_core::interop::extension: 70: ** on_level_deinit: Scene
2026-09-03T20:55:51.884404Z  INFO backstitch_rust_core::helpers::tracing: 98: Tracing subscriber initialized
2026-09-03T20:55:51.884431Z  INFO backstitch_rust_core::interop::extension: 29: ** on_level_init: Scene
2026-09-03T20:55:51.887972Z  INFO backstitch_rust_core::interop::extension: 46: ** on_level_init: Editor
2026-09-03T20:55:52.310127Z  INFO backstitch_rust_core::interop::extension: 52: ** on_level_deinit: Editor
2026-09-03T20:55:52.310407Z  INFO backstitch_rust_core::interop::extension: 70: ** on_level_deinit: Scene
2026-09-03T20:56:56.957775Z  INFO backstitch_rust_core::helpers::tracing: 98: Tracing subscriber initialized
2026-09-03T20:56:56.957788Z  INFO backstitch_rust_core::interop::extension: 29: ** on_level_init: Scene
2026-09-03T20:56:56.964611Z  INFO backstitch_rust_core::interop::extension: 46: ** on_level_init: Editor
2026-09-03T20:58:07.625060Z  INFO backstitch_rust_core::interop::extension: 52: ** on_level_deinit: Editor
2026-09-03T20:58:07.625263Z  INFO backstitch_rust_core::interop::extension: 70: ** on_level_deinit: Scene
2026-09-03T21:02:58.179206Z  INFO backstitch_rust_core::helpers::tracing: 98: Tracing subscriber initialized
2026-09-03T21:02:58.179225Z  INFO backstitch_rust_core::interop::extension: 29: ** on_level_init: Scene
2026-09-03T21:02:58.183429Z  INFO backstitch_rust_core::interop::extension: 46: ** on_level_init: Editor
2026-09-03T21:05:07.952549Z  INFO backstitch_rust_core::helpers::tracing: 98: Tracing subscriber initialized
2026-09-03T21:05:07.952562Z  INFO backstitch_rust_core::interop::extension: 29: ** on_level_init: Scene
2026-09-03T21:05:07.958630Z  INFO backstitch_rust_core::interop::extension: 46: ** on_level_init: Editor
2026-09-03T21:05:35.184733Z  INFO backstitch_rust_core::helpers::tracing: 98: Tracing subscriber initialized
2026-09-03T21:05:35.184749Z  INFO backstitch_rust_core::interop::extension: 29: ** on_level_init: Scene
2026-09-03T21:05:35.188411Z  INFO backstitch_rust_core::interop::extension: 46: ** on_level_init: Editor
2026-09-03T21:07:17.180932Z  INFO backstitch_rust_core::helpers::tracing: 98: Tracing subscriber initialized
2026-09-03T21:07:17.180944Z  INFO backstitch_rust_core::interop::extension: 29: ** on_level_init: Scene
2026-09-03T21:07:17.184609Z  INFO backstitch_rust_core::interop::extension: 46: ** on_level_init: Editor
2026-09-03T21:07:22.904294Z  INFO backstitch_rust_core::interop::extension: 52: ** on_level_deinit: Editor
2026-09-03T21:07:22.904419Z  INFO backstitch_rust_core::interop::extension: 70: ** on_level_deinit: Scene
2026-09-03T21:07:31.707535Z  INFO backstitch_rust_core::helpers::tracing: 98: Tracing subscriber initialized
2026-09-03T21:07:31.707548Z  INFO backstitch_rust_core::interop::extension: 29: ** on_level_init: Scene
2026-09-03T21:07:31.711124Z  INFO backstitch_rust_core::interop::extension: 46: ** on_level_init: Editor
2026-09-03T21:10:09.187617Z  INFO backstitch_rust_core::helpers::tracing: 98: Tracing subscriber initialized
2026-09-03T21:10:09.187640Z  INFO backstitch_rust_core::interop::extension: 29: ** on_level_init: Scene
2026-09-03T21:10:09.191173Z  INFO backstitch_rust_core::interop::extension: 46: ** on_level_init: Editor
2026-09-03T21:10:16.369191Z  INFO backstitch_rust_core::interop::extension: 52: ** on_level_deinit: Editor
2026-09-03T21:10:16.369335Z  INFO backstitch_rust_core::interop::extension: 70: ** on_level_deinit: Scene
2026-09-03T21:13:11.478346Z  INFO backstitch_rust_core::helpers::tracing: 98: Tracing subscriber initialized
2026-09-03T21:13:11.478360Z  INFO backstitch_rust_core::interop::extension: 29: ** on_level_init: Scene
2026-09-03T21:13:11.481952Z  INFO backstitch_rust_core::interop::extension: 46: ** on_level_init: Editor
2026-09-03T21:13:18.041915Z  INFO backstitch_rust_core::interop::extension: 52: ** on_level_deinit: Editor
2026-09-03T21:13:18.042106Z  INFO backstitch_rust_core::interop::extension: 70: ** on_level_deinit: Scene
2026-09-03T21:13:23.778730Z  INFO backstitch_rust_core::helpers::tracing: 98: Tracing subscriber initialized
2026-09-03T21:13:23.778742Z  INFO backstitch_rust_core::interop::extension: 29: ** on_level_init: Scene
2026-09-03T21:13:23.782215Z  INFO backstitch_rust_core::interop::extension: 46: ** on_level_init: Editor
2026-09-03T21:14:00.173348Z  INFO backstitch_rust_core::interop::extension: 52: ** on_level_deinit: Editor
2026-09-03T21:14:00.173580Z  INFO backstitch_rust_core::interop::extension: 70: ** on_level_deinit: Scene
2026-09-03T21:25:55.806894Z  INFO backstitch_rust_core::helpers::tracing: 98: Tracing subscriber initialized
2026-09-03T21:25:55.806909Z  INFO backstitch_rust_core::interop::extension: 29: ** on_level_init: Scene
2026-09-03T21:25:55.810676Z  INFO backstitch_rust_core::interop::extension: 46: ** on_level_init: Editor
2026-09-03T21:27:14.441781Z  INFO backstitch_rust_core::helpers::tracing: 98: Tracing subscriber initialized
2026-09-03T21:27:14.441795Z  INFO backstitch_rust_core::interop::extension: 29: ** on_level_init: Scene
2026-09-03T21:27:14.446294Z  INFO backstitch_rust_core::interop::extension: 46: ** on_level_init: Editor
2026-09-03T21:28:46.669563Z  INFO backstitch_rust_core::helpers::tracing: 98: Tracing subscriber initialized
2026-09-03T21:28:46.669576Z  INFO backstitch_rust_core::interop::extension: 29: ** on_level_init: Scene
2026-09-03T21:28:46.673193Z  INFO backstitch_rust_core::interop::extension: 46: ** on_level_init: Editor
2026-09-03T21:29:20.595290Z  INFO backstitch_rust_core::interop::extension: 52: ** on_level_deinit: Editor
2026-09-03T21:29:20.595490Z  INFO backstitch_rust_core::interop::extension: 70: ** on_level_deinit: Scene
2026-09-03T21:29:28.858095Z  INFO backstitch_rust_core::helpers::tracing: 98: Tracing subscriber initialized
2026-09-03T21:29:28.858107Z  INFO backstitch_rust_core::interop::extension: 29: ** on_level_init: Scene
2026-09-03T21:29:28.861496Z  INFO backstitch_rust_core::interop::extension: 46: ** on_level_init: Editor
2026-09-03T21:29:51.404790Z  INFO backstitch_rust_core::interop::extension: 52: ** on_level_deinit: Editor
2026-09-03T21:29:51.404947Z  INFO backstitch_rust_core::interop::extension: 70: ** on_level_deinit: Scene
2026-09-03T21:29:56.429323Z DEBUG backstitch_rust_core::interop::godot_project: 1025: ** GodotProjectPlugin: exit_tree
2026-09-03T21:29:57.452338Z  INFO backstitch_rust_core::interop::extension: 52: ** on_level_deinit: Editor
2026-09-03T21:29:57.453087Z  INFO backstitch_rust_core::interop::extension: 70: ** on_level_deinit: Scene
2026-09-04T02:22:25.422344Z  INFO backstitch_rust_core::helpers::tracing: 98: Tracing subscriber initialized
2026-09-04T02:22:25.422379Z  INFO backstitch_rust_core::interop::extension: 29: ** on_level_init: Scene
2026-09-04T02:22:25.428143Z  INFO backstitch_rust_core::interop::extension: 46: ** on_level_init: Editor
2026-09-04T02:22:27.794349Z DEBUG backstitch_rust_core::interop::godot_project: 978: ** GodotProjectPlugin: enter_tree
2026-09-04T02:22:33.623202Z  INFO backstitch_rust_core::interop::godot_project: 734: Backstitch config has no project id, not autostarting...
2026-09-04T02:22:37.686916Z  INFO backstitch_rust_core::helpers::tracing: 98: Tracing subscriber initialized
2026-09-04T02:22:37.686935Z  INFO backstitch_rust_core::interop::extension: 29: ** on_level_init: Scene
2026-09-04T02:22:37.691698Z  INFO backstitch_rust_core::interop::extension: 46: ** on_level_init: Editor
2026-09-04T02:22:58.009834Z  INFO backstitch_rust_core::interop::extension: 52: ** on_level_deinit: Editor
2026-09-04T02:22:58.010123Z  INFO backstitch_rust_core::interop::extension: 70: ** on_level_deinit: Scene
2026-09-04T02:23:56.193175Z  INFO backstitch_rust_core::helpers::tracing: 98: Tracing subscriber initialized
2026-09-04T02:23:56.193189Z  INFO backstitch_rust_core::interop::extension: 29: ** on_level_init: Scene
2026-09-04T02:23:56.197692Z  INFO backstitch_rust_core::interop::extension: 46: ** on_level_init: Editor
2026-09-04T02:25:28.062283Z  INFO backstitch_rust_core::interop::extension: 52: ** on_level_deinit: Editor
2026-09-04T02:25:28.062673Z  INFO backstitch_rust_core::interop::extension: 70: ** on_level_deinit: Scene
2026-09-04T02:26:52.144405Z  INFO backstitch_rust_core::helpers::tracing: 98: Tracing subscriber initialized
2026-09-04T02:26:52.144421Z  INFO backstitch_rust_core::interop::extension: 29: ** on_level_init: Scene
2026-09-04T02:26:52.148924Z  INFO backstitch_rust_core::interop::extension: 46: ** on_level_init: Editor
2026-09-04T02:27:09.977091Z  INFO backstitch_rust_core::interop::extension: 52: ** on_level_deinit: Editor
2026-09-04T02:27:09.977214Z  INFO backstitch_rust_core::interop::extension: 70: ** on_level_deinit: Scene
2026-09-04T02:27:12.386880Z  INFO backstitch_rust_core::helpers::tracing: 98: Tracing subscriber initialized
2026-09-04T02:27:12.386900Z  INFO backstitch_rust_core::interop::extension: 29: ** on_level_init: Scene
2026-09-04T02:27:12.392143Z  INFO backstitch_rust_core::interop::extension: 46: ** on_level_init: Editor
2026-09-04T02:27:17.370604Z  INFO backstitch_rust_core::interop::extension: 52: ** on_level_deinit: Editor
2026-09-04T02:27:17.370879Z  INFO backstitch_rust_core::interop::extension: 70: ** on_level_deinit: Scene
2026-09-04T02:27:34.634155Z  INFO backstitch_rust_core::helpers::tracing: 98: Tracing subscriber initialized
2026-09-04T02:27:34.634168Z  INFO backstitch_rust_core::interop::extension: 29: ** on_level_init: Scene
2026-09-04T02:27:34.638872Z  INFO backstitch_rust_core::interop::extension: 46: ** on_level_init: Editor
2026-09-04T02:27:47.040757Z  INFO backstitch_rust_core::interop::extension: 52: ** on_level_deinit: Editor
2026-09-04T02:27:47.040960Z  INFO backstitch_rust_core::interop::extension: 70: ** on_level_deinit: Scene
2026-09-04T02:28:06.099627Z  INFO backstitch_rust_core::helpers::tracing: 98: Tracing subscriber initialized
2026-09-04T02:28:06.099640Z  INFO backstitch_rust_core::interop::extension: 29: ** on_level_init: Scene
2026-09-04T02:28:06.104605Z  INFO backstitch_rust_core::interop::extension: 46: ** on_level_init: Editor
2026-09-04T02:28:15.530854Z  INFO backstitch_rust_core::interop::extension: 52: ** on_level_deinit: Editor
2026-09-04T02:28:15.531030Z  INFO backstitch_rust_core::interop::extension: 70: ** on_level_deinit: Scene
2026-09-04T02:30:11.978879Z  INFO backstitch_rust_core::helpers::tracing: 98: Tracing subscriber initialized
2026-09-04T02:30:11.978894Z  INFO backstitch_rust_core::interop::extension: 29: ** on_level_init: Scene
2026-09-04T02:30:11.983352Z  INFO backstitch_rust_core::interop::extension: 46: ** on_level_init: Editor
2026-09-04T02:30:13.430509Z  INFO backstitch_rust_core::interop::extension: 52: ** on_level_deinit: Editor
2026-09-04T02:30:13.430792Z  INFO backstitch_rust_core::interop::extension: 70: ** on_level_deinit: Scene
2026-09-04T02:30:25.849952Z  INFO backstitch_rust_core::helpers::tracing: 98: Tracing subscriber initialized
2026-09-04T02:30:25.849965Z  INFO backstitch_rust_core::interop::extension: 29: ** on_level_init: Scene
2026-09-04T02:30:25.854247Z  INFO backstitch_rust_core::interop::extension: 46: ** on_level_init: Editor
2026-09-04T02:31:12.429490Z  INFO backstitch_rust_core::interop::extension: 52: ** on_level_deinit: Editor
2026-09-04T02:31:12.429851Z  INFO backstitch_rust_core::interop::extension: 70: ** on_level_deinit: Scene
2026-09-04T02:32:16.900321Z  INFO backstitch_rust_core::helpers::tracing: 98: Tracing subscriber initialized
2026-09-04T02:32:16.900333Z  INFO backstitch_rust_core::interop::extension: 29: ** on_level_init: Scene
2026-09-04T02:32:16.904797Z  INFO backstitch_rust_core::interop::extension: 46: ** on_level_init: Editor
2026-09-04T02:32:31.910569Z  INFO backstitch_rust_core::interop::extension: 52: ** on_level_deinit: Editor
2026-09-04T02:32:31.910802Z  INFO backstitch_rust_core::interop::extension: 70: ** on_level_deinit: Scene
2026-09-04T02:32:42.116250Z  INFO backstitch_rust_core::helpers::tracing: 98: Tracing subscriber initialized
2026-09-04T02:32:42.116263Z  INFO backstitch_rust_core::interop::extension: 29: ** on_level_init: Scene
2026-09-04T02:32:42.120463Z  INFO backstitch_rust_core::interop::extension: 46: ** on_level_init: Editor
2026-09-04T02:32:58.033133Z  INFO backstitch_rust_core::interop::extension: 52: ** on_level_deinit: Editor
2026-09-04T02:32:58.033353Z  INFO backstitch_rust_core::interop::extension: 70: ** on_level_deinit: Scene
2026-09-04T02:38:18.629008Z  INFO backstitch_rust_core::helpers::tracing: 98: Tracing subscriber initialized
2026-09-04T02:38:18.629021Z  INFO backstitch_rust_core::interop::extension: 29: ** on_level_init: Scene
2026-09-04T02:38:18.632992Z  INFO backstitch_rust_core::interop::extension: 46: ** on_level_init: Editor
2026-09-04T02:38:27.439998Z  INFO backstitch_rust_core::interop::extension: 52: ** on_level_deinit: Editor
2026-09-04T02:38:27.440316Z  INFO backstitch_rust_core::interop::extension: 70: ** on_level_deinit: Scene
2026-09-04T02:39:13.992594Z  INFO backstitch_rust_core::helpers::tracing: 98: Tracing subscriber initialized
2026-09-04T02:39:13.992612Z  INFO backstitch_rust_core::interop::extension: 29: ** on_level_init: Scene
2026-09-04T02:39:13.997726Z  INFO backstitch_rust_core::interop::extension: 46: ** on_level_init: Editor
2026-09-04T02:40:55.433102Z  INFO backstitch_rust_core::helpers::tracing: 98: Tracing subscriber initialized
2026-09-04T02:40:55.433120Z  INFO backstitch_rust_core::interop::extension: 29: ** on_level_init: Scene
2026-09-04T02:40:55.437779Z  INFO backstitch_rust_core::interop::extension: 46: ** on_level_init: Editor
2026-09-04T02:42:12.125427Z  INFO backstitch_rust_core::interop::extension: 52: ** on_level_deinit: Editor
2026-09-04T02:42:12.125706Z  INFO backstitch_rust_core::interop::extension: 70: ** on_level_deinit: Scene
2026-09-04T02:42:24.357658Z DEBUG backstitch_rust_core::interop::godot_project: 1025: ** GodotProjectPlugin: exit_tree
2026-09-04T02:42:25.274573Z  INFO backstitch_rust_core::interop::extension: 52: ** on_level_deinit: Editor
2026-09-04T02:42:25.274847Z  INFO backstitch_rust_core::interop::extension: 70: ** on_level_deinit: Scene
2026-09-04T11:21:13.212933Z  INFO backstitch_rust_core::helpers::tracing: 98: Tracing subscriber initialized
2026-09-04T11:21:13.212958Z  INFO backstitch_rust_core::interop::extension: 29: ** on_level_init: Scene
2026-09-04T11:21:13.217385Z  INFO backstitch_rust_core::interop::extension: 46: ** on_level_init: Editor
2026-09-04T11:21:15.187481Z DEBUG backstitch_rust_core::interop::godot_project: 978: ** GodotProjectPlugin: enter_tree
2026-09-04T11:21:22.487674Z  INFO backstitch_rust_core::interop::godot_project: 734: Backstitch config has no project id, not autostarting...
2026-09-04T11:21:55.665788Z  INFO backstitch_rust_core::helpers::tracing: 98: Tracing subscriber initialized
2026-09-04T11:21:55.665808Z  INFO backstitch_rust_core::interop::extension: 29: ** on_level_init: Scene
2026-09-04T11:21:55.669671Z  INFO backstitch_rust_core::interop::extension: 46: ** on_level_init: Editor
2026-09-04T11:22:30.026199Z  INFO backstitch_rust_core::interop::extension: 52: ** on_level_deinit: Editor
2026-09-04T11:22:30.026406Z  INFO backstitch_rust_core::interop::extension: 70: ** on_level_deinit: Scene
2026-09-04T11:29:19.842341Z  INFO backstitch_rust_core::helpers::tracing: 98: Tracing subscriber initialized
2026-09-04T11:29:19.842357Z  INFO backstitch_rust_core::interop::extension: 29: ** on_level_init: Scene
2026-09-04T11:29:19.846071Z  INFO backstitch_rust_core::interop::extension: 46: ** on_level_init: Editor
2026-09-04T11:29:37.576188Z  INFO backstitch_rust_core::interop::extension: 52: ** on_level_deinit: Editor
2026-09-04T11:29:37.576345Z  INFO backstitch_rust_core::interop::extension: 70: ** on_level_deinit: Scene
2026-09-04T11:45:11.402333Z DEBUG backstitch_rust_core::interop::godot_project: 1025: ** GodotProjectPlugin: exit_tree
2026-09-04T11:45:12.032308Z  INFO backstitch_rust_core::interop::extension: 52: ** on_level_deinit: Editor
2026-09-04T11:45:12.032519Z  INFO backstitch_rust_core::interop::extension: 70: ** on_level_deinit: Scene
2026-09-04T11:51:35.049109Z  INFO backstitch_rust_core::helpers::tracing: 98: Tracing subscriber initialized
2026-09-04T11:51:35.049131Z  INFO backstitch_rust_core::interop::extension: 29: ** on_level_init: Scene
2026-09-04T11:51:35.052676Z  INFO backstitch_rust_core::interop::extension: 46: ** on_level_init: Editor
2026-09-04T11:51:36.591176Z DEBUG backstitch_rust_core::interop::godot_project: 978: ** GodotProjectPlugin: enter_tree
2026-09-04T11:51:38.627023Z  INFO backstitch_rust_core::interop::godot_project: 734: Backstitch config has no project id, not autostarting...
2026-09-04T11:51:42.737839Z  INFO backstitch_rust_core::helpers::tracing: 98: Tracing subscriber initialized
2026-09-04T11:51:42.737851Z  INFO backstitch_rust_core::interop::extension: 29: ** on_level_init: Scene
2026-09-04T11:51:42.741710Z  INFO backstitch_rust_core::interop::extension: 46: ** on_level_init: Editor
2026-09-04T11:52:20.188510Z  INFO backstitch_rust_core::interop::extension: 52: ** on_level_deinit: Editor
2026-09-04T11:52:20.188754Z  INFO backstitch_rust_core::interop::extension: 70: ** on_level_deinit: Scene
2026-09-04T11:53:27.938571Z DEBUG backstitch_rust_core::interop::godot_project: 1025: ** GodotProjectPlugin: exit_tree
2026-09-04T11:53:28.510767Z  INFO backstitch_rust_core::interop::extension: 52: ** on_level_deinit: Editor
2026-09-04T11:53:28.510928Z  INFO backstitch_rust_core::interop::extension: 70: ** on_level_deinit: Scene
2026-09-04T11:53:34.690291Z  INFO backstitch_rust_core::helpers::tracing: 98: Tracing subscriber initialized
2026-09-04T11:53:34.690318Z  INFO backstitch_rust_core::interop::extension: 29: ** on_level_init: Scene
2026-09-04T11:53:34.694346Z  INFO backstitch_rust_core::interop::extension: 46: ** on_level_init: Editor
2026-09-04T11:53:36.272198Z DEBUG backstitch_rust_core::interop::godot_project: 978: ** GodotProjectPlugin: enter_tree
2026-09-04T11:53:38.284085Z  INFO backstitch_rust_core::interop::godot_project: 734: Backstitch config has no project id, not autostarting...
2026-09-04T11:53:41.422566Z  INFO backstitch_rust_core::helpers::tracing: 98: Tracing subscriber initialized
2026-09-04T11:53:41.422584Z  INFO backstitch_rust_core::interop::extension: 29: ** on_level_init: Scene
2026-09-04T11:53:41.426444Z  INFO backstitch_rust_core::interop::extension: 46: ** on_level_init: Editor
2026-09-04T11:54:01.076993Z  INFO backstitch_rust_core::interop::extension: 52: ** on_level_deinit: Editor
2026-09-04T11:54:01.077130Z  INFO backstitch_rust_core::interop::extension: 70: ** on_level_deinit: Scene
2026-09-04T11:55:47.061280Z  INFO backstitch_rust_core::helpers::tracing: 98: Tracing subscriber initialized
2026-09-04T11:55:47.061290Z  INFO backstitch_rust_core::interop::extension: 29: ** on_level_init: Scene
2026-09-04T11:55:47.065266Z  INFO backstitch_rust_core::interop::extension: 46: ** on_level_init: Editor
2026-09-04T11:57:26.958034Z  INFO backstitch_rust_core::helpers::tracing: 98: Tracing subscriber initialized
2026-09-04T11:57:26.958051Z  INFO backstitch_rust_core::interop::extension: 29: ** on_level_init: Scene
2026-09-04T11:57:26.961655Z  INFO backstitch_rust_core::interop::extension: 46: ** on_level_init: Editor
2026-09-04T11:57:31.662812Z  INFO backstitch_rust_core::helpers::tracing: 98: Tracing subscriber initialized
2026-09-04T11:57:31.662823Z  INFO backstitch_rust_core::interop::extension: 29: ** on_level_init: Scene
2026-09-04T11:57:31.666276Z  INFO backstitch_rust_core::interop::extension: 46: ** on_level_init: Editor
2026-09-04T11:59:48.176989Z  INFO backstitch_rust_core::helpers::tracing: 98: Tracing subscriber initialized
2026-09-04T11:59:48.177002Z  INFO backstitch_rust_core::interop::extension: 29: ** on_level_init: Scene
2026-09-04T11:59:48.180525Z  INFO backstitch_rust_core::interop::extension: 46: ** on_level_init: Editor
2026-09-04T12:00:17.947121Z  INFO backstitch_rust_core::interop::extension: 52: ** on_level_deinit: Editor
2026-09-04T12:00:17.947310Z  INFO backstitch_rust_core::interop::extension: 70: ** on_level_deinit: Scene
2026-09-04T12:06:41.675350Z  INFO backstitch_rust_core::helpers::tracing: 98: Tracing subscriber initialized
2026-09-04T12:06:41.675364Z  INFO backstitch_rust_core::interop::extension: 29: ** on_level_init: Scene
2026-09-04T12:06:41.679182Z  INFO backstitch_rust_core::interop::extension: 46: ** on_level_init: Editor
2026-09-04T12:07:32.008163Z  INFO backstitch_rust_core::helpers::tracing: 98: Tracing subscriber initialized
2026-09-04T12:07:32.008174Z  INFO backstitch_rust_core::interop::extension: 29: ** on_level_init: Scene
2026-09-04T12:07:32.011870Z  INFO backstitch_rust_core::interop::extension: 46: ** on_level_init: Editor
2026-09-04T12:07:41.704002Z  INFO backstitch_rust_core::interop::extension: 52: ** on_level_deinit: Editor
2026-09-04T12:07:41.704125Z  INFO backstitch_rust_core::interop::extension: 70: ** on_level_deinit: Scene
2026-09-04T12:07:55.299318Z  INFO backstitch_rust_core::helpers::tracing: 98: Tracing subscriber initialized
2026-09-04T12:07:55.299329Z  INFO backstitch_rust_core::interop::extension: 29: ** on_level_init: Scene
2026-09-04T12:07:55.302925Z  INFO backstitch_rust_core::interop::extension: 46: ** on_level_init: Editor
2026-09-04T12:08:01.555344Z  INFO backstitch_rust_core::interop::extension: 52: ** on_level_deinit: Editor
2026-09-04T12:08:01.555463Z  INFO backstitch_rust_core::interop::extension: 70: ** on_level_deinit: Scene
2026-09-04T12:10:24.319747Z  INFO backstitch_rust_core::helpers::tracing: 98: Tracing subscriber initialized
2026-09-04T12:10:24.319760Z  INFO backstitch_rust_core::interop::extension: 29: ** on_level_init: Scene
2026-09-04T12:10:24.323499Z  INFO backstitch_rust_core::interop::extension: 46: ** on_level_init: Editor
2026-09-04T12:12:18.890930Z  INFO backstitch_rust_core::helpers::tracing: 98: Tracing subscriber initialized
2026-09-04T12:12:18.890946Z  INFO backstitch_rust_core::interop::extension: 29: ** on_level_init: Scene
2026-09-04T12:12:18.894776Z  INFO backstitch_rust_core::interop::extension: 46: ** on_level_init: Editor
2026-09-04T12:13:18.698646Z  INFO backstitch_rust_core::helpers::tracing: 98: Tracing subscriber initialized
2026-09-04T12:13:18.698659Z  INFO backstitch_rust_core::interop::extension: 29: ** on_level_init: Scene
2026-09-04T12:13:18.702177Z  INFO backstitch_rust_core::interop::extension: 46: ** on_level_init: Editor
2026-09-04T12:13:25.025958Z  INFO backstitch_rust_core::interop::extension: 52: ** on_level_deinit: Editor
2026-09-04T12:13:25.026181Z  INFO backstitch_rust_core::interop::extension: 70: ** on_level_deinit: Scene
2026-09-04T12:13:29.823204Z  INFO backstitch_rust_core::helpers::tracing: 98: Tracing subscriber initialized
2026-09-04T12:13:29.823226Z  INFO backstitch_rust_core::interop::extension: 29: ** on_level_init: Scene
2026-09-04T12:13:29.826618Z  INFO backstitch_rust_core::interop::extension: 46: ** on_level_init: Editor
2026-09-04T12:13:54.761927Z  INFO backstitch_rust_core::interop::extension: 52: ** on_level_deinit: Editor
2026-09-04T12:13:54.762100Z  INFO backstitch_rust_core::interop::extension: 70: ** on_level_deinit: Scene
2026-09-04T12:15:20.860471Z  INFO backstitch_rust_core::helpers::tracing: 98: Tracing subscriber initialized
2026-09-04T12:15:20.860484Z  INFO backstitch_rust_core::interop::extension: 29: ** on_level_init: Scene
2026-09-04T12:15:20.864434Z  INFO backstitch_rust_core::interop::extension: 46: ** on_level_init: Editor
2026-09-04T12:16:17.629754Z  INFO backstitch_rust_core::helpers::tracing: 98: Tracing subscriber initialized
2026-09-04T12:16:17.629767Z  INFO backstitch_rust_core::interop::extension: 29: ** on_level_init: Scene
2026-09-04T12:16:17.633783Z  INFO backstitch_rust_core::interop::extension: 46: ** on_level_init: Editor
2026-09-04T12:17:10.692630Z  INFO backstitch_rust_core::helpers::tracing: 98: Tracing subscriber initialized
2026-09-04T12:17:10.692642Z  INFO backstitch_rust_core::interop::extension: 29: ** on_level_init: Scene
2026-09-04T12:17:10.696081Z  INFO backstitch_rust_core::interop::extension: 46: ** on_level_init: Editor
2026-09-04T12:18:28.197514Z  INFO backstitch_rust_core::interop::extension: 52: ** on_level_deinit: Editor
2026-09-04T12:18:28.197711Z  INFO backstitch_rust_core::interop::extension: 70: ** on_level_deinit: Scene
2026-09-04T12:18:56.996320Z DEBUG backstitch_rust_core::interop::godot_project: 1025: ** GodotProjectPlugin: exit_tree
2026-09-04T12:18:57.614811Z  INFO backstitch_rust_core::interop::extension: 52: ** on_level_deinit: Editor
2026-09-04T12:18:57.614984Z  INFO backstitch_rust_core::interop::extension: 70: ** on_level_deinit: Scene
2026-09-04T15:07:14.900708Z  INFO backstitch_rust_core::helpers::tracing: 98: Tracing subscriber initialized
2026-09-04T15:07:14.900722Z  INFO backstitch_rust_core::interop::extension: 29: ** on_level_init: Scene
2026-09-04T15:07:14.904852Z  INFO backstitch_rust_core::interop::extension: 46: ** on_level_init: Editor
2026-09-04T15:07:24.290558Z  INFO backstitch_rust_core::interop::extension: 52: ** on_level_deinit: Editor
2026-09-04T15:07:24.290799Z  INFO backstitch_rust_core::interop::extension: 70: ** on_level_deinit: Scene
2026-09-04T15:08:01.539794Z  INFO backstitch_rust_core::helpers::tracing: 98: Tracing subscriber initialized
2026-09-04T15:08:01.539812Z  INFO backstitch_rust_core::interop::extension: 29: ** on_level_init: Scene
2026-09-04T15:08:01.544559Z  INFO backstitch_rust_core::interop::extension: 46: ** on_level_init: Editor
2026-09-04T15:10:32.650086Z  INFO backstitch_rust_core::interop::extension: 52: ** on_level_deinit: Editor
2026-09-04T15:10:32.650397Z  INFO backstitch_rust_core::interop::extension: 70: ** on_level_deinit: Scene
2026-09-04T15:13:22.275776Z  INFO backstitch_rust_core::helpers::tracing: 98: Tracing subscriber initialized
2026-09-04T15:13:22.275791Z  INFO backstitch_rust_core::interop::extension: 29: ** on_level_init: Scene
2026-09-04T15:13:22.280248Z  INFO backstitch_rust_core::interop::extension: 46: ** on_level_init: Editor
2026-09-04T15:14:09.464549Z  INFO backstitch_rust_core::interop::extension: 52: ** on_level_deinit: Editor
2026-09-04T15:14:09.464691Z  INFO backstitch_rust_core::interop::extension: 70: ** on_level_deinit: Scene
2026-09-04T15:28:52.708355Z  INFO backstitch_rust_core::helpers::tracing: 98: Tracing subscriber initialized
2026-09-04T15:28:52.708382Z  INFO backstitch_rust_core::interop::extension: 29: ** on_level_init: Scene
2026-09-04T15:28:52.713004Z  INFO backstitch_rust_core::interop::extension: 46: ** on_level_init: Editor
2026-09-04T15:28:52.743082Z  INFO backstitch_rust_core::interop::extension: 52: ** on_level_deinit: Editor
2026-09-04T15:28:52.743333Z  INFO backstitch_rust_core::interop::extension: 70: ** on_level_deinit: Scene
2026-09-04T15:29:02.805308Z  INFO backstitch_rust_core::helpers::tracing: 98: Tracing subscriber initialized
2026-09-04T15:29:02.805329Z  INFO backstitch_rust_core::interop::extension: 29: ** on_level_init: Scene
2026-09-04T15:29:02.809674Z  INFO backstitch_rust_core::interop::extension: 46: ** on_level_init: Editor
2026-09-04T15:29:02.839662Z  INFO backstitch_rust_core::interop::extension: 52: ** on_level_deinit: Editor
2026-09-04T15:29:02.839916Z  INFO backstitch_rust_core::interop::extension: 70: ** on_level_deinit: Scene
2026-09-04T15:29:34.061303Z  INFO backstitch_rust_core::helpers::tracing: 98: Tracing subscriber initialized
2026-09-04T15:29:34.061328Z  INFO backstitch_rust_core::interop::extension: 29: ** on_level_init: Scene
2026-09-04T15:29:34.067371Z  INFO backstitch_rust_core::interop::extension: 46: ** on_level_init: Editor
2026-09-04T15:29:34.161430Z  INFO backstitch_rust_core::interop::extension: 52: ** on_level_deinit: Editor
2026-09-04T15:29:34.161609Z  INFO backstitch_rust_core::interop::extension: 70: ** on_level_deinit: Scene
2026-09-04T15:29:39.225395Z  INFO backstitch_rust_core::helpers::tracing: 98: Tracing subscriber initialized
2026-09-04T15:29:39.225413Z  INFO backstitch_rust_core::interop::extension: 29: ** on_level_init: Scene
2026-09-04T15:29:39.230286Z  INFO backstitch_rust_core::interop::extension: 46: ** on_level_init: Editor
2026-09-04T15:29:39.591882Z  INFO backstitch_rust_core::interop::extension: 52: ** on_level_deinit: Editor
2026-09-04T15:29:39.592043Z  INFO backstitch_rust_core::interop::extension: 70: ** on_level_deinit: Scene
2026-09-04T15:30:25.577500Z  INFO backstitch_rust_core::helpers::tracing: 98: Tracing subscriber initialized
2026-09-04T15:30:25.577542Z  INFO backstitch_rust_core::interop::extension: 29: ** on_level_init: Scene
2026-09-04T15:30:25.582249Z  INFO backstitch_rust_core::interop::extension: 46: ** on_level_init: Editor
2026-09-04T15:30:25.863501Z  INFO backstitch_rust_core::interop::extension: 52: ** on_level_deinit: Editor
2026-09-04T15:30:25.863685Z  INFO backstitch_rust_core::interop::extension: 70: ** on_level_deinit: Scene
2026-09-04T15:30:46.786514Z  INFO backstitch_rust_core::helpers::tracing: 98: Tracing subscriber initialized
2026-09-04T15:30:46.786532Z  INFO backstitch_rust_core::interop::extension: 29: ** on_level_init: Scene
2026-09-04T15:30:46.790984Z  INFO backstitch_rust_core::interop::extension: 46: ** on_level_init: Editor
2026-09-04T15:30:47.078943Z  INFO backstitch_rust_core::interop::extension: 52: ** on_level_deinit: Editor
2026-09-04T15:30:47.079140Z  INFO backstitch_rust_core::interop::extension: 70: ** on_level_deinit: Scene
2026-09-04T15:30:56.056329Z  INFO backstitch_rust_core::helpers::tracing: 98: Tracing subscriber initialized
2026-09-04T15:30:56.056351Z  INFO backstitch_rust_core::interop::extension: 29: ** on_level_init: Scene
2026-09-04T15:30:56.058310Z  INFO backstitch_rust_core::interop::extension: 46: ** on_level_init: Editor
2026-09-04T15:30:57.073793Z DEBUG backstitch_rust_core::interop::godot_project: 978: ** GodotProjectPlugin: enter_tree
2026-09-04T15:30:58.854896Z  INFO backstitch_rust_core::interop::godot_project: 734: Backstitch config has no project id, not autostarting...
2026-09-04T15:31:00.554478Z DEBUG backstitch_rust_core::interop::godot_project: 1025: ** GodotProjectPlugin: exit_tree
2026-09-04T15:31:01.160491Z  INFO backstitch_rust_core::interop::extension: 52: ** on_level_deinit: Editor
2026-09-04T15:31:01.160691Z  INFO backstitch_rust_core::interop::extension: 70: ** on_level_deinit: Scene
2026-09-04T15:32:02.217256Z  INFO backstitch_rust_core::helpers::tracing: 98: Tracing subscriber initialized
2026-09-04T15:32:02.217304Z  INFO backstitch_rust_core::interop::extension: 29: ** on_level_init: Scene
2026-09-04T15:32:02.221652Z  INFO backstitch_rust_core::interop::extension: 46: ** on_level_init: Editor
2026-09-04T15:32:02.577253Z  INFO backstitch_rust_core::interop::extension: 52: ** on_level_deinit: Editor
2026-09-04T15:32:02.577383Z  INFO backstitch_rust_core::interop::extension: 70: ** on_level_deinit: Scene
2026-09-04T15:32:18.215531Z  INFO backstitch_rust_core::helpers::tracing: 98: Tracing subscriber initialized
2026-09-04T15:32:18.215555Z  INFO backstitch_rust_core::interop::extension: 29: ** on_level_init: Scene
2026-09-04T15:32:18.220503Z  INFO backstitch_rust_core::interop::extension: 46: ** on_level_init: Editor
2026-09-04T15:32:18.485692Z  INFO backstitch_rust_core::interop::extension: 52: ** on_level_deinit: Editor
2026-09-04T15:32:18.485876Z  INFO backstitch_rust_core::interop::extension: 70: ** on_level_deinit: Scene
2026-09-04T15:32:27.003189Z  INFO backstitch_rust_core::helpers::tracing: 98: Tracing subscriber initialized
2026-09-04T15:32:27.003206Z  INFO backstitch_rust_core::interop::extension: 29: ** on_level_init: Scene
2026-09-04T15:32:27.008514Z  INFO backstitch_rust_core::interop::extension: 46: ** on_level_init: Editor
2026-09-04T15:32:27.295193Z  INFO backstitch_rust_core::interop::extension: 52: ** on_level_deinit: Editor
2026-09-04T15:32:27.295339Z  INFO backstitch_rust_core::interop::extension: 70: ** on_level_deinit: Scene
2026-09-04T15:32:54.758196Z  INFO backstitch_rust_core::helpers::tracing: 98: Tracing subscriber initialized
2026-09-04T15:32:54.758212Z  INFO backstitch_rust_core::interop::extension: 29: ** on_level_init: Scene
2026-09-04T15:32:54.762886Z  INFO backstitch_rust_core::interop::extension: 46: ** on_level_init: Editor
2026-09-04T15:32:55.041606Z  INFO backstitch_rust_core::interop::extension: 52: ** on_level_deinit: Editor
2026-09-04T15:32:55.041759Z  INFO backstitch_rust_core::interop::extension: 70: ** on_level_deinit: Scene
2026-09-04T15:33:05.681985Z  INFO backstitch_rust_core::helpers::tracing: 98: Tracing subscriber initialized
2026-09-04T15:33:05.682008Z  INFO backstitch_rust_core::interop::extension: 29: ** on_level_init: Scene
2026-09-04T15:33:05.685980Z  INFO backstitch_rust_core::interop::extension: 46: ** on_level_init: Editor
2026-09-04T15:33:06.937265Z DEBUG backstitch_rust_core::interop::godot_project: 978: ** GodotProjectPlugin: enter_tree
2026-09-04T15:33:09.546700Z  INFO backstitch_rust_core::interop::godot_project: 734: Backstitch config has no project id, not autostarting...
2026-09-04T15:33:09.880776Z DEBUG backstitch_rust_core::interop::godot_project: 1025: ** GodotProjectPlugin: exit_tree
2026-09-04T15:33:10.491468Z  INFO backstitch_rust_core::interop::extension: 52: ** on_level_deinit: Editor
2026-09-04T15:33:10.491604Z  INFO backstitch_rust_core::interop::extension: 70: ** on_level_deinit: Scene
2026-09-04T15:33:16.347828Z  INFO backstitch_rust_core::helpers::tracing: 98: Tracing subscriber initialized
2026-09-04T15:33:16.347844Z  INFO backstitch_rust_core::interop::extension: 29: ** on_level_init: Scene
2026-09-04T15:33:16.352584Z  INFO backstitch_rust_core::interop::extension: 46: ** on_level_init: Editor
2026-09-04T15:33:16.475480Z  INFO backstitch_rust_core::interop::extension: 52: ** on_level_deinit: Editor
2026-09-04T15:33:16.475634Z  INFO backstitch_rust_core::interop::extension: 70: ** on_level_deinit: Scene
2026-09-04T15:33:21.065457Z  INFO backstitch_rust_core::helpers::tracing: 98: Tracing subscriber initialized
2026-09-04T15:33:21.065476Z  INFO backstitch_rust_core::interop::extension: 29: ** on_level_init: Scene
2026-09-04T15:33:21.069887Z  INFO backstitch_rust_core::interop::extension: 46: ** on_level_init: Editor
2026-09-04T15:33:21.340988Z  INFO backstitch_rust_core::interop::extension: 52: ** on_level_deinit: Editor
2026-09-04T15:33:21.341157Z  INFO backstitch_rust_core::interop::extension: 70: ** on_level_deinit: Scene
2026-09-04T15:33:44.207928Z  INFO backstitch_rust_core::helpers::tracing: 98: Tracing subscriber initialized
2026-09-04T15:33:44.207945Z  INFO backstitch_rust_core::interop::extension: 29: ** on_level_init: Scene
2026-09-04T15:33:44.213002Z  INFO backstitch_rust_core::interop::extension: 46: ** on_level_init: Editor
2026-09-04T15:33:44.489456Z  INFO backstitch_rust_core::interop::extension: 52: ** on_level_deinit: Editor
2026-09-04T15:33:44.489587Z  INFO backstitch_rust_core::interop::extension: 70: ** on_level_deinit: Scene
2026-09-04T15:34:21.240453Z  INFO backstitch_rust_core::helpers::tracing: 98: Tracing subscriber initialized
2026-09-04T15:34:21.240470Z  INFO backstitch_rust_core::interop::extension: 29: ** on_level_init: Scene
2026-09-04T15:34:21.245121Z  INFO backstitch_rust_core::interop::extension: 46: ** on_level_init: Editor
2026-09-04T15:34:38.799485Z  INFO backstitch_rust_core::helpers::tracing: 98: Tracing subscriber initialized
2026-09-04T15:34:38.799501Z  INFO backstitch_rust_core::interop::extension: 29: ** on_level_init: Scene
2026-09-04T15:34:38.804321Z  INFO backstitch_rust_core::interop::extension: 46: ** on_level_init: Editor
2026-09-04T15:35:06.975833Z  INFO backstitch_rust_core::helpers::tracing: 98: Tracing subscriber initialized
2026-09-04T15:35:06.975845Z  INFO backstitch_rust_core::interop::extension: 29: ** on_level_init: Scene
2026-09-04T15:35:06.979936Z  INFO backstitch_rust_core::interop::extension: 46: ** on_level_init: Editor
2026-09-04T15:35:32.325698Z  INFO backstitch_rust_core::helpers::tracing: 98: Tracing subscriber initialized
2026-09-04T15:35:32.325712Z  INFO backstitch_rust_core::interop::extension: 29: ** on_level_init: Scene
2026-09-04T15:35:32.330479Z  INFO backstitch_rust_core::interop::extension: 46: ** on_level_init: Editor
2026-09-04T15:35:55.697058Z  INFO backstitch_rust_core::helpers::tracing: 98: Tracing subscriber initialized
2026-09-04T15:35:55.697079Z  INFO backstitch_rust_core::interop::extension: 29: ** on_level_init: Scene
2026-09-04T15:35:55.701644Z  INFO backstitch_rust_core::interop::extension: 46: ** on_level_init: Editor
2026-09-04T15:36:05.822036Z  INFO backstitch_rust_core::interop::extension: 52: ** on_level_deinit: Editor
2026-09-04T15:36:05.822261Z  INFO backstitch_rust_core::interop::extension: 70: ** on_level_deinit: Scene
2026-09-04T15:37:21.579073Z  INFO backstitch_rust_core::helpers::tracing: 98: Tracing subscriber initialized
2026-09-04T15:37:21.579090Z  INFO backstitch_rust_core::interop::extension: 29: ** on_level_init: Scene
2026-09-04T15:37:21.583613Z  INFO backstitch_rust_core::interop::extension: 46: ** on_level_init: Editor
2026-09-04T15:37:21.835801Z  INFO backstitch_rust_core::interop::extension: 52: ** on_level_deinit: Editor
2026-09-04T15:37:21.835922Z  INFO backstitch_rust_core::interop::extension: 70: ** on_level_deinit: Scene
2026-09-04T15:37:27.003108Z  INFO backstitch_rust_core::helpers::tracing: 98: Tracing subscriber initialized
2026-09-04T15:37:27.003146Z  INFO backstitch_rust_core::interop::extension: 29: ** on_level_init: Scene
2026-09-04T15:37:27.007962Z  INFO backstitch_rust_core::interop::extension: 46: ** on_level_init: Editor
2026-09-04T15:37:57.113315Z  INFO backstitch_rust_core::helpers::tracing: 98: Tracing subscriber initialized
2026-09-04T15:37:57.113330Z  INFO backstitch_rust_core::interop::extension: 29: ** on_level_init: Scene
2026-09-04T15:37:57.118014Z  INFO backstitch_rust_core::interop::extension: 46: ** on_level_init: Editor
2026-09-04T15:39:00.153600Z  INFO backstitch_rust_core::interop::extension: 52: ** on_level_deinit: Editor
2026-09-04T15:39:00.153845Z  INFO backstitch_rust_core::interop::extension: 70: ** on_level_deinit: Scene
2026-09-04T15:40:01.211179Z  INFO backstitch_rust_core::helpers::tracing: 98: Tracing subscriber initialized
2026-09-04T15:40:01.211192Z  INFO backstitch_rust_core::interop::extension: 29: ** on_level_init: Scene
2026-09-04T15:40:01.215365Z  INFO backstitch_rust_core::interop::extension: 46: ** on_level_init: Editor
2026-09-04T15:40:15.687414Z  INFO backstitch_rust_core::interop::extension: 52: ** on_level_deinit: Editor
2026-09-04T15:40:15.687696Z  INFO backstitch_rust_core::interop::extension: 70: ** on_level_deinit: Scene
2026-09-04T15:40:56.437102Z  INFO backstitch_rust_core::helpers::tracing: 98: Tracing subscriber initialized
2026-09-04T15:40:56.437120Z  INFO backstitch_rust_core::interop::extension: 29: ** on_level_init: Scene
2026-09-04T15:40:56.441203Z  INFO backstitch_rust_core::interop::extension: 46: ** on_level_init: Editor
2026-09-04T15:41:41.365069Z  INFO backstitch_rust_core::helpers::tracing: 98: Tracing subscriber initialized
2026-09-04T15:41:41.365090Z  INFO backstitch_rust_core::interop::extension: 29: ** on_level_init: Scene
2026-09-04T15:41:41.370132Z  INFO backstitch_rust_core::interop::extension: 46: ** on_level_init: Editor
2026-09-04T15:42:15.499614Z  INFO backstitch_rust_core::interop::extension: 52: ** on_level_deinit: Editor
2026-09-04T15:42:15.499879Z  INFO backstitch_rust_core::interop::extension: 70: ** on_level_deinit: Scene
2026-09-04T15:42:57.337074Z  INFO backstitch_rust_core::helpers::tracing: 98: Tracing subscriber initialized
2026-09-04T15:42:57.337091Z  INFO backstitch_rust_core::interop::extension: 29: ** on_level_init: Scene
2026-09-04T15:42:57.341015Z  INFO backstitch_rust_core::interop::extension: 46: ** on_level_init: Editor
2026-09-04T15:43:14.567054Z  INFO backstitch_rust_core::helpers::tracing: 98: Tracing subscriber initialized
2026-09-04T15:43:14.567069Z  INFO backstitch_rust_core::interop::extension: 29: ** on_level_init: Scene
2026-09-04T15:43:14.572548Z  INFO backstitch_rust_core::interop::extension: 46: ** on_level_init: Editor
2026-09-04T15:43:30.760914Z  INFO backstitch_rust_core::interop::extension: 52: ** on_level_deinit: Editor
2026-09-04T15:43:30.761140Z  INFO backstitch_rust_core::interop::extension: 70: ** on_level_deinit: Scene
2026-09-04T15:46:05.196485Z  INFO backstitch_rust_core::helpers::tracing: 98: Tracing subscriber initialized
2026-09-04T15:46:05.196499Z  INFO backstitch_rust_core::interop::extension: 29: ** on_level_init: Scene
2026-09-04T15:46:05.200772Z  INFO backstitch_rust_core::interop::extension: 46: ** on_level_init: Editor
2026-09-04T15:46:29.698965Z  INFO backstitch_rust_core::interop::extension: 52: ** on_level_deinit: Editor
2026-09-04T15:46:29.699233Z  INFO backstitch_rust_core::interop::extension: 70: ** on_level_deinit: Scene
2026-09-04T15:50:09.710136Z  INFO backstitch_rust_core::helpers::tracing: 98: Tracing subscriber initialized
2026-09-04T15:50:09.710151Z  INFO backstitch_rust_core::interop::extension: 29: ** on_level_init: Scene
2026-09-04T15:50:09.714518Z  INFO backstitch_rust_core::interop::extension: 46: ** on_level_init: Editor
2026-09-04T15:51:04.148356Z  INFO backstitch_rust_core::interop::extension: 52: ** on_level_deinit: Editor
2026-09-04T15:51:04.148682Z  INFO backstitch_rust_core::interop::extension: 70: ** on_level_deinit: Scene
2026-09-04T15:51:11.299951Z  INFO backstitch_rust_core::helpers::tracing: 98: Tracing subscriber initialized
2026-09-04T15:51:11.299967Z  INFO backstitch_rust_core::interop::extension: 29: ** on_level_init: Scene
2026-09-04T15:51:11.307026Z  INFO backstitch_rust_core::interop::extension: 46: ** on_level_init: Editor
2026-09-04T15:51:17.638446Z  INFO backstitch_rust_core::interop::extension: 52: ** on_level_deinit: Editor
2026-09-04T15:51:17.638719Z  INFO backstitch_rust_core::interop::extension: 70: ** on_level_deinit: Scene
2026-09-04T15:51:22.975432Z  INFO backstitch_rust_core::helpers::tracing: 98: Tracing subscriber initialized
2026-09-04T15:51:22.975447Z  INFO backstitch_rust_core::interop::extension: 29: ** on_level_init: Scene
2026-09-04T15:51:22.980034Z  INFO backstitch_rust_core::interop::extension: 46: ** on_level_init: Editor
2026-09-04T15:51:35.028045Z  INFO backstitch_rust_core::interop::extension: 52: ** on_level_deinit: Editor
2026-09-04T15:51:35.028403Z  INFO backstitch_rust_core::interop::extension: 70: ** on_level_deinit: Scene
2026-09-04T15:54:34.588070Z  INFO backstitch_rust_core::helpers::tracing: 98: Tracing subscriber initialized
2026-09-04T15:54:34.588090Z  INFO backstitch_rust_core::interop::extension: 29: ** on_level_init: Scene
2026-09-04T15:54:34.592361Z  INFO backstitch_rust_core::interop::extension: 46: ** on_level_init: Editor
2026-09-04T15:54:47.261143Z  INFO backstitch_rust_core::interop::extension: 52: ** on_level_deinit: Editor
2026-09-04T15:54:47.261442Z  INFO backstitch_rust_core::interop::extension: 70: ** on_level_deinit: Scene
2026-09-04T15:54:56.018447Z  INFO backstitch_rust_core::helpers::tracing: 98: Tracing subscriber initialized
2026-09-04T15:54:56.018461Z  INFO backstitch_rust_core::interop::extension: 29: ** on_level_init: Scene
2026-09-04T15:54:56.022858Z  INFO backstitch_rust_core::interop::extension: 46: ** on_level_init: Editor
2026-09-04T15:55:45.516210Z  INFO backstitch_rust_core::helpers::tracing: 98: Tracing subscriber initialized
2026-09-04T15:55:45.516227Z  INFO backstitch_rust_core::interop::extension: 29: ** on_level_init: Scene
2026-09-04T15:55:45.521377Z  INFO backstitch_rust_core::interop::extension: 46: ** on_level_init: Editor
2026-09-04T15:55:52.992820Z  INFO backstitch_rust_core::interop::extension: 52: ** on_level_deinit: Editor
2026-09-04T15:55:52.993107Z  INFO backstitch_rust_core::interop::extension: 70: ** on_level_deinit: Scene
2026-09-04T15:57:04.740834Z  INFO backstitch_rust_core::helpers::tracing: 98: Tracing subscriber initialized
2026-09-04T15:57:04.740849Z  INFO backstitch_rust_core::interop::extension: 29: ** on_level_init: Scene
2026-09-04T15:57:04.745389Z  INFO backstitch_rust_core::interop::extension: 46: ** on_level_init: Editor
2026-09-04T15:57:33.909937Z  INFO backstitch_rust_core::interop::extension: 52: ** on_level_deinit: Editor
2026-09-04T15:57:33.910267Z  INFO backstitch_rust_core::interop::extension: 70: ** on_level_deinit: Scene
2026-09-04T15:58:34.006730Z  INFO backstitch_rust_core::helpers::tracing: 98: Tracing subscriber initialized
2026-09-04T15:58:34.006744Z  INFO backstitch_rust_core::interop::extension: 29: ** on_level_init: Scene
2026-09-04T15:58:34.011011Z  INFO backstitch_rust_core::interop::extension: 46: ** on_level_init: Editor
2026-09-04T15:58:54.773261Z  INFO backstitch_rust_core::interop::extension: 52: ** on_level_deinit: Editor
2026-09-04T15:58:54.773604Z  INFO backstitch_rust_core::interop::extension: 70: ** on_level_deinit: Scene
2026-09-04T16:03:15.845257Z  INFO backstitch_rust_core::helpers::tracing: 98: Tracing subscriber initialized
2026-09-04T16:03:15.845274Z  INFO backstitch_rust_core::interop::extension: 29: ** on_level_init: Scene
2026-09-04T16:03:15.850650Z  INFO backstitch_rust_core::interop::extension: 46: ** on_level_init: Editor
2026-09-04T16:03:38.290207Z  INFO backstitch_rust_core::interop::extension: 52: ** on_level_deinit: Editor
2026-09-04T16:03:38.290692Z  INFO backstitch_rust_core::interop::extension: 70: ** on_level_deinit: Scene
2026-09-04T16:03:53.273363Z  INFO backstitch_rust_core::helpers::tracing: 98: Tracing subscriber initialized
2026-09-04T16:03:53.273386Z  INFO backstitch_rust_core::interop::extension: 29: ** on_level_init: Scene
2026-09-04T16:03:53.278004Z  INFO backstitch_rust_core::interop::extension: 46: ** on_level_init: Editor
2026-09-04T16:04:15.970995Z  INFO backstitch_rust_core::interop::extension: 52: ** on_level_deinit: Editor
2026-09-04T16:04:15.971197Z  INFO backstitch_rust_core::interop::extension: 70: ** on_level_deinit: Scene
2026-09-04T16:06:46.972152Z  INFO backstitch_rust_core::helpers::tracing: 98: Tracing subscriber initialized
2026-09-04T16:06:46.972165Z  INFO backstitch_rust_core::interop::extension: 29: ** on_level_init: Scene
2026-09-04T16:06:46.976263Z  INFO backstitch_rust_core::interop::extension: 46: ** on_level_init: Editor
2026-09-04T16:07:16.842222Z  INFO backstitch_rust_core::helpers::tracing: 98: Tracing subscriber initialized
2026-09-04T16:07:16.842234Z  INFO backstitch_rust_core::interop::extension: 29: ** on_level_init: Scene
2026-09-04T16:07:16.846102Z  INFO backstitch_rust_core::interop::extension: 46: ** on_level_init: Editor
2026-09-04T16:07:55.953492Z  INFO backstitch_rust_core::helpers::tracing: 98: Tracing subscriber initialized
2026-09-04T16:07:55.953505Z  INFO backstitch_rust_core::interop::extension: 29: ** on_level_init: Scene
2026-09-04T16:07:55.957338Z  INFO backstitch_rust_core::interop::extension: 46: ** on_level_init: Editor
2026-09-04T16:08:32.184594Z  INFO backstitch_rust_core::helpers::tracing: 98: Tracing subscriber initialized
2026-09-04T16:08:32.184607Z  INFO backstitch_rust_core::interop::extension: 29: ** on_level_init: Scene
2026-09-04T16:08:32.188512Z  INFO backstitch_rust_core::interop::extension: 46: ** on_level_init: Editor
2026-09-04T16:09:28.113434Z  INFO backstitch_rust_core::helpers::tracing: 98: Tracing subscriber initialized
2026-09-04T16:09:28.113450Z  INFO backstitch_rust_core::interop::extension: 29: ** on_level_init: Scene
2026-09-04T16:09:28.117415Z  INFO backstitch_rust_core::interop::extension: 46: ** on_level_init: Editor
2026-09-04T16:09:28.438652Z  INFO backstitch_rust_core::interop::extension: 52: ** on_level_deinit: Editor
2026-09-04T16:09:28.438788Z  INFO backstitch_rust_core::interop::extension: 70: ** on_level_deinit: Scene
2026-09-04T16:10:10.110281Z  INFO backstitch_rust_core::helpers::tracing: 98: Tracing subscriber initialized
2026-09-04T16:10:10.110297Z  INFO backstitch_rust_core::interop::extension: 29: ** on_level_init: Scene
2026-09-04T16:10:10.114414Z  INFO backstitch_rust_core::interop::extension: 46: ** on_level_init: Editor
2026-09-04T16:13:02.948001Z  INFO backstitch_rust_core::helpers::tracing: 98: Tracing subscriber initialized
2026-09-04T16:13:02.948017Z  INFO backstitch_rust_core::interop::extension: 29: ** on_level_init: Scene
2026-09-04T16:13:02.951490Z  INFO backstitch_rust_core::interop::extension: 46: ** on_level_init: Editor
2026-09-04T16:13:52.539422Z  INFO backstitch_rust_core::interop::extension: 52: ** on_level_deinit: Editor
2026-09-04T16:13:52.539649Z  INFO backstitch_rust_core::interop::extension: 70: ** on_level_deinit: Scene
2026-09-04T16:15:19.699134Z  INFO backstitch_rust_core::helpers::tracing: 98: Tracing subscriber initialized
2026-09-04T16:15:19.699148Z  INFO backstitch_rust_core::interop::extension: 29: ** on_level_init: Scene
2026-09-04T16:15:19.702941Z  INFO backstitch_rust_core::interop::extension: 46: ** on_level_init: Editor
2026-09-04T16:15:42.576662Z  INFO backstitch_rust_core::interop::extension: 52: ** on_level_deinit: Editor
2026-09-04T16:15:42.576811Z  INFO backstitch_rust_core::interop::extension: 70: ** on_level_deinit: Scene
2026-09-04T16:16:47.441487Z  INFO backstitch_rust_core::helpers::tracing: 98: Tracing subscriber initialized
2026-09-04T16:16:47.441500Z  INFO backstitch_rust_core::interop::extension: 29: ** on_level_init: Scene
2026-09-04T16:16:47.445058Z  INFO backstitch_rust_core::interop::extension: 46: ** on_level_init: Editor
2026-09-04T16:17:06.794886Z  INFO backstitch_rust_core::interop::extension: 52: ** on_level_deinit: Editor
2026-09-04T16:17:06.795098Z  INFO backstitch_rust_core::interop::extension: 70: ** on_level_deinit: Scene
2026-09-04T16:24:33.566660Z  INFO backstitch_rust_core::helpers::tracing: 98: Tracing subscriber initialized
2026-09-04T16:24:33.566674Z  INFO backstitch_rust_core::interop::extension: 29: ** on_level_init: Scene
2026-09-04T16:24:33.570234Z  INFO backstitch_rust_core::interop::extension: 46: ** on_level_init: Editor
2026-09-04T16:26:28.116811Z  INFO backstitch_rust_core::interop::extension: 52: ** on_level_deinit: Editor
2026-09-04T16:26:28.117048Z  INFO backstitch_rust_core::interop::extension: 70: ** on_level_deinit: Scene
2026-09-04T16:26:30.886943Z  INFO backstitch_rust_core::helpers::tracing: 98: Tracing subscriber initialized
2026-09-04T16:26:30.886959Z  INFO backstitch_rust_core::interop::extension: 29: ** on_level_init: Scene
2026-09-04T16:26:30.890695Z  INFO backstitch_rust_core::interop::extension: 46: ** on_level_init: Editor
2026-09-04T16:26:53.216643Z  INFO backstitch_rust_core::interop::extension: 52: ** on_level_deinit: Editor
2026-09-04T16:26:53.216813Z  INFO backstitch_rust_core::interop::extension: 70: ** on_level_deinit: Scene
2026-09-07T15:27:09.116278Z  INFO backstitch_rust_core::helpers::tracing: 98: Tracing subscriber initialized
2026-09-07T15:27:09.116295Z  INFO backstitch_rust_core::interop::extension: 29: ** on_level_init: Scene
2026-09-07T15:27:09.119972Z  INFO backstitch_rust_core::interop::extension: 46: ** on_level_init: Editor
2026-09-07T15:27:11.574836Z  INFO backstitch_rust_core::interop::extension: 52: ** on_level_deinit: Editor
2026-09-07T15:27:11.574977Z  INFO backstitch_rust_core::interop::extension: 70: ** on_level_deinit: Scene
2026-09-07T15:27:26.353187Z  INFO backstitch_rust_core::helpers::tracing: 98: Tracing subscriber initialized
2026-09-07T15:27:26.353211Z  INFO backstitch_rust_core::interop::extension: 29: ** on_level_init: Scene
2026-09-07T15:27:26.356949Z  INFO backstitch_rust_core::interop::extension: 46: ** on_level_init: Editor
2026-09-07T15:27:27.978763Z DEBUG backstitch_rust_core::interop::godot_project: 978: ** GodotProjectPlugin: enter_tree
2026-09-07T15:27:30.307201Z  INFO backstitch_rust_core::interop::godot_project: 734: Backstitch config has no project id, not autostarting...
2026-09-07T15:28:16.321756Z  INFO backstitch_rust_core::helpers::tracing: 98: Tracing subscriber initialized
2026-09-07T15:28:16.321770Z  INFO backstitch_rust_core::interop::extension: 29: ** on_level_init: Scene
2026-09-07T15:28:16.325394Z  INFO backstitch_rust_core::interop::extension: 46: ** on_level_init: Editor
2026-09-07T15:28:23.003628Z  INFO backstitch_rust_core::interop::extension: 52: ** on_level_deinit: Editor
2026-09-07T15:28:23.003782Z  INFO backstitch_rust_core::interop::extension: 70: ** on_level_deinit: Scene
2026-09-07T15:28:26.530392Z  INFO backstitch_rust_core::helpers::tracing: 98: Tracing subscriber initialized
2026-09-07T15:28:26.530406Z  INFO backstitch_rust_core::interop::extension: 29: ** on_level_init: Scene
2026-09-07T15:28:26.534030Z  INFO backstitch_rust_core::interop::extension: 46: ** on_level_init: Editor
2026-09-07T15:28:28.459133Z  INFO backstitch_rust_core::interop::extension: 52: ** on_level_deinit: Editor
2026-09-07T15:28:28.459260Z  INFO backstitch_rust_core::interop::extension: 70: ** on_level_deinit: Scene
2026-09-07T15:28:58.047780Z  INFO backstitch_rust_core::helpers::tracing: 98: Tracing subscriber initialized
2026-09-07T15:28:58.047796Z  INFO backstitch_rust_core::interop::extension: 29: ** on_level_init: Scene
2026-09-07T15:28:58.051511Z  INFO backstitch_rust_core::interop::extension: 46: ** on_level_init: Editor
2026-09-07T15:29:02.566335Z  INFO backstitch_rust_core::interop::extension: 52: ** on_level_deinit: Editor
2026-09-07T15:29:02.566465Z  INFO backstitch_rust_core::interop::extension: 70: ** on_level_deinit: Scene
2026-09-07T15:29:16.789689Z  INFO backstitch_rust_core::helpers::tracing: 98: Tracing subscriber initialized
2026-09-07T15:29:16.789705Z  INFO backstitch_rust_core::interop::extension: 29: ** on_level_init: Scene
2026-09-07T15:29:16.793172Z  INFO backstitch_rust_core::interop::extension: 46: ** on_level_init: Editor
2026-09-07T15:29:32.436534Z  INFO backstitch_rust_core::interop::extension: 52: ** on_level_deinit: Editor
2026-09-07T15:29:32.436666Z  INFO backstitch_rust_core::interop::extension: 70: ** on_level_deinit: Scene
2026-09-07T15:50:56.062671Z  INFO backstitch_rust_core::helpers::tracing: 98: Tracing subscriber initialized
2026-09-07T15:50:56.062687Z  INFO backstitch_rust_core::interop::extension: 29: ** on_level_init: Scene
2026-09-07T15:50:56.066040Z  INFO backstitch_rust_core::interop::extension: 46: ** on_level_init: Editor
2026-09-07T15:51:01.318435Z  INFO backstitch_rust_core::interop::extension: 52: ** on_level_deinit: Editor
2026-09-07T15:51:01.318575Z  INFO backstitch_rust_core::interop::extension: 70: ** on_level_deinit: Scene
2026-09-07T17:11:27.184655Z  INFO backstitch_rust_core::helpers::tracing: 98: Tracing subscriber initialized
2026-09-07T17:11:27.184782Z  INFO backstitch_rust_core::interop::extension: 29: ** on_level_init: Scene
2026-09-07T17:11:27.190258Z  INFO backstitch_rust_core::interop::extension: 46: ** on_level_init: Editor
2026-09-07T17:11:40.831017Z  INFO backstitch_rust_core::interop::extension: 52: ** on_level_deinit: Editor
2026-09-07T17:11:40.832536Z  INFO backstitch_rust_core::interop::extension: 70: ** on_level_deinit: Scene
2026-09-07T17:16:10.634572Z  INFO backstitch_rust_core::helpers::tracing: 98: Tracing subscriber initialized
2026-09-07T17:16:10.634591Z  INFO backstitch_rust_core::interop::extension: 29: ** on_level_init: Scene
2026-09-07T17:16:10.638422Z  INFO backstitch_rust_core::interop::extension: 46: ** on_level_init: Editor
2026-09-07T17:16:11.932730Z  INFO backstitch_rust_core::interop::extension: 52: ** on_level_deinit: Editor
2026-09-07T17:16:11.933140Z  INFO backstitch_rust_core::interop::extension: 70: ** on_level_deinit: Scene
2026-09-07T17:17:54.767123Z  INFO backstitch_rust_core::helpers::tracing: 98: Tracing subscriber initialized
2026-09-07T17:17:54.767140Z  INFO backstitch_rust_core::interop::extension: 29: ** on_level_init: Scene
2026-09-07T17:17:54.770870Z  INFO backstitch_rust_core::interop::extension: 46: ** on_level_init: Editor
2026-09-07T17:17:56.635293Z  INFO backstitch_rust_core::interop::extension: 52: ** on_level_deinit: Editor
2026-09-07T17:17:56.635485Z  INFO backstitch_rust_core::interop::extension: 70: ** on_level_deinit: Scene
2026-09-07T17:23:06.311621Z  INFO backstitch_rust_core::helpers::tracing: 98: Tracing subscriber initialized
2026-09-07T17:23:06.311634Z  INFO backstitch_rust_core::interop::extension: 29: ** on_level_init: Scene
2026-09-07T17:23:06.315525Z  INFO backstitch_rust_core::interop::extension: 46: ** on_level_init: Editor
2026-09-07T17:47:20.450320Z  INFO backstitch_rust_core::helpers::tracing: 98: Tracing subscriber initialized
2026-09-07T17:47:20.450338Z  INFO backstitch_rust_core::interop::extension: 29: ** on_level_init: Scene
2026-09-07T17:47:20.454262Z  INFO backstitch_rust_core::interop::extension: 46: ** on_level_init: Editor
2026-09-07T17:51:04.704882Z  INFO backstitch_rust_core::helpers::tracing: 98: Tracing subscriber initialized
2026-09-07T17:51:04.704900Z  INFO backstitch_rust_core::interop::extension: 29: ** on_level_init: Scene
2026-09-07T17:51:04.709051Z  INFO backstitch_rust_core::interop::extension: 46: ** on_level_init: Editor
2026-09-07T17:51:04.719886Z  INFO backstitch_rust_core::interop::extension: 52: ** on_level_deinit: Editor
2026-09-07T17:51:04.720008Z  INFO backstitch_rust_core::interop::extension: 70: ** on_level_deinit: Scene
2026-09-07T17:51:09.939341Z  INFO backstitch_rust_core::helpers::tracing: 98: Tracing subscriber initialized
2026-09-07T17:51:09.939358Z  INFO backstitch_rust_core::interop::extension: 29: ** on_level_init: Scene
2026-09-07T17:51:09.943295Z  INFO backstitch_rust_core::interop::extension: 46: ** on_level_init: Editor
2026-09-07T18:01:25.974653Z  INFO backstitch_rust_core::helpers::tracing: 98: Tracing subscriber initialized
2026-09-07T18:01:25.974668Z  INFO backstitch_rust_core::interop::extension: 29: ** on_level_init: Scene
2026-09-07T18:01:25.978715Z  INFO backstitch_rust_core::interop::extension: 46: ** on_level_init: Editor
2026-09-07T18:01:33.519147Z  INFO backstitch_rust_core::interop::extension: 52: ** on_level_deinit: Editor
2026-09-07T18:01:33.519274Z  INFO backstitch_rust_core::interop::extension: 70: ** on_level_deinit: Scene
2026-09-07T19:57:36.870422Z  INFO backstitch_rust_core::helpers::tracing: 98: Tracing subscriber initialized
2026-09-07T19:57:36.870441Z  INFO backstitch_rust_core::interop::extension: 29: ** on_level_init: Scene
2026-09-07T19:57:36.874039Z  INFO backstitch_rust_core::interop::extension: 46: ** on_level_init: Editor
2026-09-07T19:57:57.237636Z  INFO backstitch_rust_core::interop::extension: 52: ** on_level_deinit: Editor
2026-09-07T19:57:57.237792Z  INFO backstitch_rust_core::interop::extension: 70: ** on_level_deinit: Scene
2026-09-07T20:47:30.461502Z  INFO backstitch_rust_core::helpers::tracing: 98: Tracing subscriber initialized
2026-09-07T20:47:30.461520Z  INFO backstitch_rust_core::interop::extension: 29: ** on_level_init: Scene
2026-09-07T20:47:30.465123Z  INFO backstitch_rust_core::interop::extension: 46: ** on_level_init: Editor
2026-09-07T20:47:34.847346Z  INFO backstitch_rust_core::interop::extension: 52: ** on_level_deinit: Editor
2026-09-07T20:47:34.847515Z  INFO backstitch_rust_core::interop::extension: 70: ** on_level_deinit: Scene
2026-09-07T20:48:46.211066Z  INFO backstitch_rust_core::helpers::tracing: 98: Tracing subscriber initialized
2026-09-07T20:48:46.211083Z  INFO backstitch_rust_core::interop::extension: 29: ** on_level_init: Scene
2026-09-07T20:48:46.214706Z  INFO backstitch_rust_core::interop::extension: 46: ** on_level_init: Editor
2026-09-07T20:49:10.575369Z  INFO backstitch_rust_core::interop::extension: 52: ** on_level_deinit: Editor
2026-09-07T20:49:10.575503Z  INFO backstitch_rust_core::interop::extension: 70: ** on_level_deinit: Scene
2026-09-07T20:55:06.115738Z  INFO backstitch_rust_core::helpers::tracing: 98: Tracing subscriber initialized
2026-09-07T20:55:06.115750Z  INFO backstitch_rust_core::interop::extension: 29: ** on_level_init: Scene
2026-09-07T20:55:06.119429Z  INFO backstitch_rust_core::interop::extension: 46: ** on_level_init: Editor
2026-09-07T20:55:19.009121Z  INFO backstitch_rust_core::interop::extension: 52: ** on_level_deinit: Editor
2026-09-07T20:55:19.009313Z  INFO backstitch_rust_core::interop::extension: 70: ** on_level_deinit: Scene
2026-09-07T20:56:50.318586Z  INFO backstitch_rust_core::helpers::tracing: 98: Tracing subscriber initialized
2026-09-07T20:56:50.318600Z  INFO backstitch_rust_core::interop::extension: 29: ** on_level_init: Scene
2026-09-07T20:56:50.322340Z  INFO backstitch_rust_core::interop::extension: 46: ** on_level_init: Editor
2026-09-07T20:56:54.174236Z  INFO backstitch_rust_core::interop::extension: 52: ** on_level_deinit: Editor
2026-09-07T20:56:54.174392Z  INFO backstitch_rust_core::interop::extension: 70: ** on_level_deinit: Scene
2026-09-07T21:05:54.446688Z  INFO backstitch_rust_core::helpers::tracing: 98: Tracing subscriber initialized
2026-09-07T21:05:54.446710Z  INFO backstitch_rust_core::interop::extension: 29: ** on_level_init: Scene
2026-09-07T21:05:54.450638Z  INFO backstitch_rust_core::interop::extension: 46: ** on_level_init: Editor
2026-09-07T21:05:54.462088Z  INFO backstitch_rust_core::interop::extension: 52: ** on_level_deinit: Editor
2026-09-07T21:05:54.462224Z  INFO backstitch_rust_core::interop::extension: 70: ** on_level_deinit: Scene
2026-09-07T21:05:59.667220Z  INFO backstitch_rust_core::helpers::tracing: 98: Tracing subscriber initialized
2026-09-07T21:05:59.667240Z  INFO backstitch_rust_core::interop::extension: 29: ** on_level_init: Scene
2026-09-07T21:05:59.671068Z  INFO backstitch_rust_core::interop::extension: 46: ** on_level_init: Editor
2026-09-07T21:06:30.366603Z  INFO backstitch_rust_core::helpers::tracing: 98: Tracing subscriber initialized
2026-09-07T21:06:30.366619Z  INFO backstitch_rust_core::interop::extension: 29: ** on_level_init: Scene
2026-09-07T21:06:30.370064Z  INFO backstitch_rust_core::interop::extension: 46: ** on_level_init: Editor
2026-09-07T21:06:49.561638Z  INFO backstitch_rust_core::interop::extension: 52: ** on_level_deinit: Editor
2026-09-07T21:06:49.561803Z  INFO backstitch_rust_core::interop::extension: 70: ** on_level_deinit: Scene
2026-09-07T21:10:42.848441Z  INFO backstitch_rust_core::helpers::tracing: 98: Tracing subscriber initialized
2026-09-07T21:10:42.848458Z  INFO backstitch_rust_core::interop::extension: 29: ** on_level_init: Scene
2026-09-07T21:10:42.853387Z  INFO backstitch_rust_core::interop::extension: 46: ** on_level_init: Editor
2026-09-07T21:10:46.199692Z  INFO backstitch_rust_core::interop::extension: 52: ** on_level_deinit: Editor
2026-09-07T21:10:46.199820Z  INFO backstitch_rust_core::interop::extension: 70: ** on_level_deinit: Scene
2026-09-07T21:11:39.000952Z  INFO backstitch_rust_core::helpers::tracing: 98: Tracing subscriber initialized
2026-09-07T21:11:39.000969Z  INFO backstitch_rust_core::interop::extension: 29: ** on_level_init: Scene
2026-09-07T21:11:39.004719Z  INFO backstitch_rust_core::interop::extension: 46: ** on_level_init: Editor
2026-09-07T21:11:39.016476Z  INFO backstitch_rust_core::interop::extension: 52: ** on_level_deinit: Editor
2026-09-07T21:11:39.016600Z  INFO backstitch_rust_core::interop::extension: 70: ** on_level_deinit: Scene
2026-09-07T21:11:44.296557Z  INFO backstitch_rust_core::helpers::tracing: 98: Tracing subscriber initialized
2026-09-07T21:11:44.296571Z  INFO backstitch_rust_core::interop::extension: 29: ** on_level_init: Scene
2026-09-07T21:11:44.300512Z  INFO backstitch_rust_core::interop::extension: 46: ** on_level_init: Editor
2026-09-07T21:12:46.160837Z  INFO backstitch_rust_core::helpers::tracing: 98: Tracing subscriber initialized
2026-09-07T21:12:46.160861Z  INFO backstitch_rust_core::interop::extension: 29: ** on_level_init: Scene
2026-09-07T21:12:46.165654Z  INFO backstitch_rust_core::interop::extension: 46: ** on_level_init: Editor
2026-09-07T21:12:46.512194Z  INFO backstitch_rust_core::interop::extension: 52: ** on_level_deinit: Editor
2026-09-07T21:12:46.512348Z  INFO backstitch_rust_core::interop::extension: 70: ** on_level_deinit: Scene
2026-09-07T21:13:22.969581Z  INFO backstitch_rust_core::helpers::tracing: 98: Tracing subscriber initialized
2026-09-07T21:13:22.969600Z  INFO backstitch_rust_core::interop::extension: 29: ** on_level_init: Scene
2026-09-07T21:13:22.973681Z  INFO backstitch_rust_core::interop::extension: 46: ** on_level_init: Editor
2026-09-07T21:13:23.322053Z  INFO backstitch_rust_core::interop::extension: 52: ** on_level_deinit: Editor
2026-09-07T21:13:23.322194Z  INFO backstitch_rust_core::interop::extension: 70: ** on_level_deinit: Scene
2026-09-07T21:13:32.316220Z  INFO backstitch_rust_core::helpers::tracing: 98: Tracing subscriber initialized
2026-09-07T21:13:32.316240Z  INFO backstitch_rust_core::interop::extension: 29: ** on_level_init: Scene
2026-09-07T21:13:32.320090Z  INFO backstitch_rust_core::interop::extension: 46: ** on_level_init: Editor
2026-09-07T21:13:32.667254Z  INFO backstitch_rust_core::interop::extension: 52: ** on_level_deinit: Editor
2026-09-07T21:13:32.667395Z  INFO backstitch_rust_core::interop::extension: 70: ** on_level_deinit: Scene
2026-09-07T21:13:32.916746Z  INFO backstitch_rust_core::helpers::tracing: 98: Tracing subscriber initialized
2026-09-07T21:13:32.916765Z  INFO backstitch_rust_core::interop::extension: 29: ** on_level_init: Scene
2026-09-07T21:13:32.920733Z  INFO backstitch_rust_core::interop::extension: 46: ** on_level_init: Editor
2026-09-07T21:13:33.241571Z  INFO backstitch_rust_core::interop::extension: 52: ** on_level_deinit: Editor
2026-09-07T21:13:33.241742Z  INFO backstitch_rust_core::interop::extension: 70: ** on_level_deinit: Scene
2026-09-07T21:14:31.567375Z  INFO backstitch_rust_core::helpers::tracing: 98: Tracing subscriber initialized
2026-09-07T21:14:31.567392Z  INFO backstitch_rust_core::interop::extension: 29: ** on_level_init: Scene
2026-09-07T21:14:31.570976Z  INFO backstitch_rust_core::interop::extension: 46: ** on_level_init: Editor
2026-09-07T21:14:31.905085Z  INFO backstitch_rust_core::interop::extension: 52: ** on_level_deinit: Editor
2026-09-07T21:14:31.905215Z  INFO backstitch_rust_core::interop::extension: 70: ** on_level_deinit: Scene
2026-09-07T21:14:38.723153Z  INFO backstitch_rust_core::helpers::tracing: 98: Tracing subscriber initialized
2026-09-07T21:14:38.723172Z  INFO backstitch_rust_core::interop::extension: 29: ** on_level_init: Scene
2026-09-07T21:14:38.726973Z  INFO backstitch_rust_core::interop::extension: 46: ** on_level_init: Editor
2026-09-07T21:14:39.090845Z  INFO backstitch_rust_core::interop::extension: 52: ** on_level_deinit: Editor
2026-09-07T21:14:39.090988Z  INFO backstitch_rust_core::interop::extension: 70: ** on_level_deinit: Scene
2026-09-07T21:14:47.520034Z  INFO backstitch_rust_core::helpers::tracing: 98: Tracing subscriber initialized
2026-09-07T21:14:47.520047Z  INFO backstitch_rust_core::interop::extension: 29: ** on_level_init: Scene
2026-09-07T21:14:47.525352Z  INFO backstitch_rust_core::interop::extension: 46: ** on_level_init: Editor
2026-09-07T21:15:29.131120Z  INFO backstitch_rust_core::helpers::tracing: 98: Tracing subscriber initialized
2026-09-07T21:15:29.131136Z  INFO backstitch_rust_core::interop::extension: 29: ** on_level_init: Scene
2026-09-07T21:15:29.134609Z  INFO backstitch_rust_core::interop::extension: 46: ** on_level_init: Editor
2026-09-07T21:15:33.574746Z  INFO backstitch_rust_core::interop::extension: 52: ** on_level_deinit: Editor
2026-09-07T21:15:33.574865Z  INFO backstitch_rust_core::interop::extension: 70: ** on_level_deinit: Scene
2026-09-07T21:17:44.858245Z  INFO backstitch_rust_core::helpers::tracing: 98: Tracing subscriber initialized
2026-09-07T21:17:44.858259Z  INFO backstitch_rust_core::interop::extension: 29: ** on_level_init: Scene
2026-09-07T21:17:44.861859Z  INFO backstitch_rust_core::interop::extension: 46: ** on_level_init: Editor
2026-09-07T21:17:46.999176Z  INFO backstitch_rust_core::interop::extension: 52: ** on_level_deinit: Editor
2026-09-07T21:17:46.999316Z  INFO backstitch_rust_core::interop::extension: 70: ** on_level_deinit: Scene
2026-09-07T21:19:32.019926Z  INFO backstitch_rust_core::helpers::tracing: 98: Tracing subscriber initialized
2026-09-07T21:19:32.019939Z  INFO backstitch_rust_core::interop::extension: 29: ** on_level_init: Scene
2026-09-07T21:19:32.023736Z  INFO backstitch_rust_core::interop::extension: 46: ** on_level_init: Editor
2026-09-07T21:19:37.615530Z  INFO backstitch_rust_core::interop::extension: 52: ** on_level_deinit: Editor
2026-09-07T21:19:37.615687Z  INFO backstitch_rust_core::interop::extension: 70: ** on_level_deinit: Scene
2026-09-07T21:23:05.907925Z  INFO backstitch_rust_core::helpers::tracing: 98: Tracing subscriber initialized
2026-09-07T21:23:05.907936Z  INFO backstitch_rust_core::interop::extension: 29: ** on_level_init: Scene
2026-09-07T21:23:05.911457Z  INFO backstitch_rust_core::interop::extension: 46: ** on_level_init: Editor
2026-09-07T21:23:09.704151Z  INFO backstitch_rust_core::interop::extension: 52: ** on_level_deinit: Editor
2026-09-07T21:23:09.704332Z  INFO backstitch_rust_core::interop::extension: 70: ** on_level_deinit: Scene
2026-09-07T21:23:44.343611Z  INFO backstitch_rust_core::helpers::tracing: 98: Tracing subscriber initialized
2026-09-07T21:23:44.343625Z  INFO backstitch_rust_core::interop::extension: 29: ** on_level_init: Scene
2026-09-07T21:23:44.347435Z  INFO backstitch_rust_core::interop::extension: 46: ** on_level_init: Editor
2026-09-07T21:23:49.656825Z  INFO backstitch_rust_core::interop::extension: 52: ** on_level_deinit: Editor
2026-09-07T21:23:49.657017Z  INFO backstitch_rust_core::interop::extension: 70: ** on_level_deinit: Scene
2026-09-07T21:23:56.856476Z  INFO backstitch_rust_core::helpers::tracing: 98: Tracing subscriber initialized
2026-09-07T21:23:56.856493Z  INFO backstitch_rust_core::interop::extension: 29: ** on_level_init: Scene
2026-09-07T21:23:56.860124Z  INFO backstitch_rust_core::interop::extension: 46: ** on_level_init: Editor
2026-09-07T21:24:07.293075Z  INFO backstitch_rust_core::interop::extension: 52: ** on_level_deinit: Editor
2026-09-07T21:24:07.293246Z  INFO backstitch_rust_core::interop::extension: 70: ** on_level_deinit: Scene
2026-09-07T21:24:20.531672Z  INFO backstitch_rust_core::helpers::tracing: 98: Tracing subscriber initialized
2026-09-07T21:24:20.531685Z  INFO backstitch_rust_core::interop::extension: 29: ** on_level_init: Scene
2026-09-07T21:24:20.535232Z  INFO backstitch_rust_core::interop::extension: 46: ** on_level_init: Editor
2026-09-07T21:24:32.704417Z  INFO backstitch_rust_core::interop::extension: 52: ** on_level_deinit: Editor
2026-09-07T21:24:32.704559Z  INFO backstitch_rust_core::interop::extension: 70: ** on_level_deinit: Scene
2026-09-07T21:25:26.374090Z  INFO backstitch_rust_core::helpers::tracing: 98: Tracing subscriber initialized
2026-09-07T21:25:26.374106Z  INFO backstitch_rust_core::interop::extension: 29: ** on_level_init: Scene
2026-09-07T21:25:26.377545Z  INFO backstitch_rust_core::interop::extension: 46: ** on_level_init: Editor
2026-09-07T21:25:46.883338Z  INFO backstitch_rust_core::interop::extension: 52: ** on_level_deinit: Editor
2026-09-07T21:25:46.883536Z  INFO backstitch_rust_core::interop::extension: 70: ** on_level_deinit: Scene
2026-09-07T21:26:35.214602Z  INFO backstitch_rust_core::helpers::tracing: 98: Tracing subscriber initialized
2026-09-07T21:26:35.214620Z  INFO backstitch_rust_core::interop::extension: 29: ** on_level_init: Scene
2026-09-07T21:26:35.218011Z  INFO backstitch_rust_core::interop::extension: 46: ** on_level_init: Editor
2026-09-07T21:26:53.392420Z  INFO backstitch_rust_core::interop::extension: 52: ** on_level_deinit: Editor
2026-09-07T21:26:53.392585Z  INFO backstitch_rust_core::interop::extension: 70: ** on_level_deinit: Scene
2026-09-07T21:27:10.720996Z  INFO backstitch_rust_core::helpers::tracing: 98: Tracing subscriber initialized
2026-09-07T21:27:10.721009Z  INFO backstitch_rust_core::interop::extension: 29: ** on_level_init: Scene
2026-09-07T21:27:10.724497Z  INFO backstitch_rust_core::interop::extension: 46: ** on_level_init: Editor
2026-09-07T21:27:19.029061Z  INFO backstitch_rust_core::interop::extension: 52: ** on_level_deinit: Editor
2026-09-07T21:27:19.029264Z  INFO backstitch_rust_core::interop::extension: 70: ** on_level_deinit: Scene
2026-09-07T21:28:15.092634Z  INFO backstitch_rust_core::helpers::tracing: 98: Tracing subscriber initialized
2026-09-07T21:28:15.092650Z  INFO backstitch_rust_core::interop::extension: 29: ** on_level_init: Scene
2026-09-07T21:28:15.096174Z  INFO backstitch_rust_core::interop::extension: 46: ** on_level_init: Editor
2026-09-07T21:28:25.921185Z  INFO backstitch_rust_core::interop::extension: 52: ** on_level_deinit: Editor
2026-09-07T21:28:25.921311Z  INFO backstitch_rust_core::interop::extension: 70: ** on_level_deinit: Scene
2026-09-07T21:30:01.804203Z  INFO backstitch_rust_core::helpers::tracing: 98: Tracing subscriber initialized
2026-09-07T21:30:01.804216Z  INFO backstitch_rust_core::interop::extension: 29: ** on_level_init: Scene
2026-09-07T21:30:01.807855Z  INFO backstitch_rust_core::interop::extension: 46: ** on_level_init: Editor
2026-09-07T21:30:09.440419Z  INFO backstitch_rust_core::interop::extension: 52: ** on_level_deinit: Editor
2026-09-07T21:30:09.440542Z  INFO backstitch_rust_core::interop::extension: 70: ** on_level_deinit: Scene
2026-09-07T21:30:38.465035Z  INFO backstitch_rust_core::helpers::tracing: 98: Tracing subscriber initialized
2026-09-07T21:30:38.465047Z  INFO backstitch_rust_core::interop::extension: 29: ** on_level_init: Scene
2026-09-07T21:30:38.470341Z  INFO backstitch_rust_core::interop::extension: 46: ** on_level_init: Editor
2026-09-07T21:30:47.381611Z  INFO backstitch_rust_core::interop::extension: 52: ** on_level_deinit: Editor
2026-09-07T21:30:47.381741Z  INFO backstitch_rust_core::interop::extension: 70: ** on_level_deinit: Scene
2026-09-07T21:49:20.326813Z  INFO backstitch_rust_core::helpers::tracing: 98: Tracing subscriber initialized
2026-09-07T21:49:20.326832Z  INFO backstitch_rust_core::interop::extension: 29: ** on_level_init: Scene
2026-09-07T21:49:20.330832Z  INFO backstitch_rust_core::interop::extension: 46: ** on_level_init: Editor
2026-09-07T21:49:20.409961Z  INFO backstitch_rust_core::interop::extension: 52: ** on_level_deinit: Editor
2026-09-07T21:49:20.410095Z  INFO backstitch_rust_core::interop::extension: 70: ** on_level_deinit: Scene
2026-09-07T21:49:29.343750Z  INFO backstitch_rust_core::helpers::tracing: 98: Tracing subscriber initialized
2026-09-07T21:49:29.343805Z  INFO backstitch_rust_core::interop::extension: 29: ** on_level_init: Scene
2026-09-07T21:49:29.347824Z  INFO backstitch_rust_core::interop::extension: 46: ** on_level_init: Editor
2026-09-07T21:49:29.606158Z  INFO backstitch_rust_core::interop::extension: 52: ** on_level_deinit: Editor
2026-09-07T21:49:29.606291Z  INFO backstitch_rust_core::interop::extension: 70: ** on_level_deinit: Scene
2026-09-07T21:50:49.940294Z  INFO backstitch_rust_core::helpers::tracing: 98: Tracing subscriber initialized
2026-09-07T21:50:49.940306Z  INFO backstitch_rust_core::interop::extension: 29: ** on_level_init: Scene
2026-09-07T21:50:49.944397Z  INFO backstitch_rust_core::interop::extension: 46: ** on_level_init: Editor
2026-09-07T22:25:20.836046Z  INFO backstitch_rust_core::helpers::tracing: 98: Tracing subscriber initialized
2026-09-07T22:25:20.836067Z  INFO backstitch_rust_core::interop::extension: 29: ** on_level_init: Scene
2026-09-07T22:25:20.839864Z  INFO backstitch_rust_core::interop::extension: 46: ** on_level_init: Editor
2026-09-07T22:25:33.383485Z  INFO backstitch_rust_core::interop::extension: 52: ** on_level_deinit: Editor
2026-09-07T22:25:33.383767Z  INFO backstitch_rust_core::interop::extension: 70: ** on_level_deinit: Scene
2026-09-07T22:26:19.044037Z  INFO backstitch_rust_core::helpers::tracing: 98: Tracing subscriber initialized
2026-09-07T22:26:19.044049Z  INFO backstitch_rust_core::interop::extension: 29: ** on_level_init: Scene
2026-09-07T22:26:19.047597Z  INFO backstitch_rust_core::interop::extension: 46: ** on_level_init: Editor
2026-09-07T22:26:26.145746Z  INFO backstitch_rust_core::interop::extension: 52: ** on_level_deinit: Editor
2026-09-07T22:26:26.145906Z  INFO backstitch_rust_core::interop::extension: 70: ** on_level_deinit: Scene
2026-09-07T22:26:27.799337Z DEBUG backstitch_rust_core::interop::godot_project: 1025: ** GodotProjectPlugin: exit_tree
2026-09-07T22:26:29.006607Z  INFO backstitch_rust_core::interop::extension: 52: ** on_level_deinit: Editor
2026-09-07T22:26:29.007144Z  INFO backstitch_rust_core::interop::extension: 70: ** on_level_deinit: Scene
2026-09-08T06:16:42.849671Z  INFO backstitch_rust_core::helpers::tracing: 98: Tracing subscriber initialized
2026-09-08T06:16:42.849694Z  INFO backstitch_rust_core::interop::extension: 29: ** on_level_init: Scene
2026-09-08T06:16:42.854169Z  INFO backstitch_rust_core::interop::extension: 46: ** on_level_init: Editor
2026-09-08T06:16:45.005912Z DEBUG backstitch_rust_core::interop::godot_project: 978: ** GodotProjectPlugin: enter_tree
2026-09-08T06:16:49.345421Z  INFO backstitch_rust_core::interop::godot_project: 734: Backstitch config has no project id, not autostarting...
2026-09-08T06:18:38.262136Z  INFO backstitch_rust_core::helpers::tracing: 98: Tracing subscriber initialized
2026-09-08T06:18:38.262149Z  INFO backstitch_rust_core::interop::extension: 29: ** on_level_init: Scene
2026-09-08T06:18:38.265792Z  INFO backstitch_rust_core::interop::extension: 46: ** on_level_init: Editor
2026-09-08T06:19:05.839742Z  INFO backstitch_rust_core::interop::extension: 52: ** on_level_deinit: Editor
2026-09-08T06:19:05.839891Z  INFO backstitch_rust_core::interop::extension: 70: ** on_level_deinit: Scene
2026-09-08T06:30:53.710036Z  INFO backstitch_rust_core::helpers::tracing: 98: Tracing subscriber initialized
2026-09-08T06:30:53.710051Z  INFO backstitch_rust_core::interop::extension: 29: ** on_level_init: Scene
2026-09-08T06:30:53.713675Z  INFO backstitch_rust_core::interop::extension: 46: ** on_level_init: Editor
2026-09-08T06:31:20.306095Z  INFO backstitch_rust_core::interop::extension: 52: ** on_level_deinit: Editor
2026-09-08T06:31:20.306249Z  INFO backstitch_rust_core::interop::extension: 70: ** on_level_deinit: Scene
2026-09-08T08:22:02.169231Z  INFO backstitch_rust_core::helpers::tracing: 98: Tracing subscriber initialized
2026-09-08T08:22:02.169249Z  INFO backstitch_rust_core::interop::extension: 29: ** on_level_init: Scene
2026-09-08T08:22:02.172613Z  INFO backstitch_rust_core::interop::extension: 46: ** on_level_init: Editor
2026-09-08T08:22:10.635926Z  INFO backstitch_rust_core::interop::extension: 52: ** on_level_deinit: Editor
2026-09-08T08:22:10.636076Z  INFO backstitch_rust_core::interop::extension: 70: ** on_level_deinit: Scene
2026-09-08T08:32:02.859140Z  INFO backstitch_rust_core::helpers::tracing: 98: Tracing subscriber initialized
2026-09-08T08:32:02.859158Z  INFO backstitch_rust_core::interop::extension: 29: ** on_level_init: Scene
2026-09-08T08:32:02.862583Z  INFO backstitch_rust_core::interop::extension: 46: ** on_level_init: Editor
2026-09-08T08:32:27.624476Z  INFO backstitch_rust_core::interop::extension: 52: ** on_level_deinit: Editor
2026-09-08T08:32:27.624693Z  INFO backstitch_rust_core::interop::extension: 70: ** on_level_deinit: Scene
2026-09-08T09:53:12.339001Z  INFO backstitch_rust_core::helpers::tracing: 98: Tracing subscriber initialized
2026-09-08T09:53:12.339017Z  INFO backstitch_rust_core::interop::extension: 29: ** on_level_init: Scene
2026-09-08T09:53:12.342968Z  INFO backstitch_rust_core::interop::extension: 46: ** on_level_init: Editor
2026-09-08T09:53:12.661600Z  INFO backstitch_rust_core::interop::extension: 52: ** on_level_deinit: Editor
2026-09-08T09:53:12.661748Z  INFO backstitch_rust_core::interop::extension: 70: ** on_level_deinit: Scene
2026-09-08T09:56:53.755766Z  INFO backstitch_rust_core::helpers::tracing: 98: Tracing subscriber initialized
2026-09-08T09:56:53.755783Z  INFO backstitch_rust_core::interop::extension: 29: ** on_level_init: Scene
2026-09-08T09:56:53.759573Z  INFO backstitch_rust_core::interop::extension: 46: ** on_level_init: Editor
2026-09-08T09:57:50.881830Z  INFO backstitch_rust_core::helpers::tracing: 98: Tracing subscriber initialized
2026-09-08T09:57:50.881841Z  INFO backstitch_rust_core::interop::extension: 29: ** on_level_init: Scene
2026-09-08T09:57:50.885342Z  INFO backstitch_rust_core::interop::extension: 46: ** on_level_init: Editor
2026-09-08T09:57:54.469974Z  INFO backstitch_rust_core::interop::extension: 52: ** on_level_deinit: Editor
2026-09-08T09:57:54.470119Z  INFO backstitch_rust_core::interop::extension: 70: ** on_level_deinit: Scene
2026-09-08T10:01:46.570954Z  INFO backstitch_rust_core::helpers::tracing: 98: Tracing subscriber initialized
2026-09-08T10:01:46.570967Z  INFO backstitch_rust_core::interop::extension: 29: ** on_level_init: Scene
2026-09-08T10:01:46.574553Z  INFO backstitch_rust_core::interop::extension: 46: ** on_level_init: Editor
2026-09-08T10:01:53.011348Z  INFO backstitch_rust_core::interop::extension: 52: ** on_level_deinit: Editor
2026-09-08T10:01:53.011496Z  INFO backstitch_rust_core::interop::extension: 70: ** on_level_deinit: Scene
2026-09-08T10:04:38.845870Z  INFO backstitch_rust_core::helpers::tracing: 98: Tracing subscriber initialized
2026-09-08T10:04:38.845886Z  INFO backstitch_rust_core::interop::extension: 29: ** on_level_init: Scene
2026-09-08T10:04:38.849753Z  INFO backstitch_rust_core::interop::extension: 46: ** on_level_init: Editor
2026-09-08T10:07:44.993362Z  INFO backstitch_rust_core::helpers::tracing: 98: Tracing subscriber initialized
2026-09-08T10:07:44.993389Z  INFO backstitch_rust_core::interop::extension: 29: ** on_level_init: Scene
2026-09-08T10:07:44.997575Z  INFO backstitch_rust_core::interop::extension: 46: ** on_level_init: Editor
2026-09-08T10:07:45.008091Z  INFO backstitch_rust_core::interop::extension: 52: ** on_level_deinit: Editor
2026-09-08T10:07:45.008227Z  INFO backstitch_rust_core::interop::extension: 70: ** on_level_deinit: Scene
2026-09-08T10:07:51.210544Z  INFO backstitch_rust_core::helpers::tracing: 98: Tracing subscriber initialized
2026-09-08T10:07:51.210556Z  INFO backstitch_rust_core::interop::extension: 29: ** on_level_init: Scene
2026-09-08T10:07:51.214909Z  INFO backstitch_rust_core::interop::extension: 46: ** on_level_init: Editor
2026-09-08T10:08:31.788434Z  INFO backstitch_rust_core::helpers::tracing: 98: Tracing subscriber initialized
2026-09-08T10:08:31.788452Z  INFO backstitch_rust_core::interop::extension: 29: ** on_level_init: Scene
2026-09-08T10:08:31.793092Z  INFO backstitch_rust_core::interop::extension: 46: ** on_level_init: Editor
2026-09-08T10:08:58.013277Z  INFO backstitch_rust_core::helpers::tracing: 98: Tracing subscriber initialized
2026-09-08T10:08:58.013289Z  INFO backstitch_rust_core::interop::extension: 29: ** on_level_init: Scene
2026-09-08T10:08:58.017228Z  INFO backstitch_rust_core::interop::extension: 46: ** on_level_init: Editor
2026-09-08T10:09:09.614290Z  INFO backstitch_rust_core::interop::extension: 52: ** on_level_deinit: Editor
2026-09-08T10:09:09.614423Z  INFO backstitch_rust_core::interop::extension: 70: ** on_level_deinit: Scene
2026-09-08T10:13:23.161707Z  INFO backstitch_rust_core::helpers::tracing: 98: Tracing subscriber initialized
2026-09-08T10:13:23.161723Z  INFO backstitch_rust_core::interop::extension: 29: ** on_level_init: Scene
2026-09-08T10:13:23.165344Z  INFO backstitch_rust_core::interop::extension: 46: ** on_level_init: Editor
2026-09-08T10:13:43.146261Z  INFO backstitch_rust_core::interop::extension: 52: ** on_level_deinit: Editor
2026-09-08T10:13:43.146410Z  INFO backstitch_rust_core::interop::extension: 70: ** on_level_deinit: Scene
2026-09-08T10:17:12.683675Z  INFO backstitch_rust_core::helpers::tracing: 98: Tracing subscriber initialized
2026-09-08T10:17:12.683691Z  INFO backstitch_rust_core::interop::extension: 29: ** on_level_init: Scene
2026-09-08T10:17:12.687716Z  INFO backstitch_rust_core::interop::extension: 46: ** on_level_init: Editor
2026-09-08T10:17:49.039521Z  INFO backstitch_rust_core::interop::extension: 52: ** on_level_deinit: Editor
2026-09-08T10:17:49.039653Z  INFO backstitch_rust_core::interop::extension: 70: ** on_level_deinit: Scene
2026-09-08T10:20:01.373100Z  INFO backstitch_rust_core::helpers::tracing: 98: Tracing subscriber initialized
2026-09-08T10:20:01.373114Z  INFO backstitch_rust_core::interop::extension: 29: ** on_level_init: Scene
2026-09-08T10:20:01.376990Z  INFO backstitch_rust_core::interop::extension: 46: ** on_level_init: Editor
2026-09-08T10:20:05.456767Z  INFO backstitch_rust_core::interop::extension: 52: ** on_level_deinit: Editor
2026-09-08T10:20:05.456890Z  INFO backstitch_rust_core::interop::extension: 70: ** on_level_deinit: Scene
2026-09-08T10:25:19.253398Z  INFO backstitch_rust_core::helpers::tracing: 98: Tracing subscriber initialized
2026-09-08T10:25:19.253417Z  INFO backstitch_rust_core::interop::extension: 29: ** on_level_init: Scene
2026-09-08T10:25:19.257190Z  INFO backstitch_rust_core::interop::extension: 46: ** on_level_init: Editor
2026-09-08T10:26:06.847087Z  INFO backstitch_rust_core::helpers::tracing: 98: Tracing subscriber initialized
2026-09-08T10:26:06.847103Z  INFO backstitch_rust_core::interop::extension: 29: ** on_level_init: Scene
2026-09-08T10:26:06.850798Z  INFO backstitch_rust_core::interop::extension: 46: ** on_level_init: Editor
2026-09-08T10:26:09.099326Z  INFO backstitch_rust_core::interop::extension: 52: ** on_level_deinit: Editor
2026-09-08T10:26:09.099466Z  INFO backstitch_rust_core::interop::extension: 70: ** on_level_deinit: Scene
2026-09-08T10:26:41.467450Z DEBUG backstitch_rust_core::interop::godot_project: 1025: ** GodotProjectPlugin: exit_tree
2026-09-08T10:26:42.600404Z  INFO backstitch_rust_core::interop::extension: 52: ** on_level_deinit: Editor
2026-09-08T10:26:42.600845Z  INFO backstitch_rust_core::interop::extension: 70: ** on_level_deinit: Scene
2026-09-08T10:28:53.517817Z  INFO backstitch_rust_core::helpers::tracing: 98: Tracing subscriber initialized
2026-09-08T10:28:53.517841Z  INFO backstitch_rust_core::interop::extension: 29: ** on_level_init: Scene
2026-09-08T10:28:53.522090Z  INFO backstitch_rust_core::interop::extension: 46: ** on_level_init: Editor
2026-09-08T10:28:55.196565Z DEBUG backstitch_rust_core::interop::godot_project: 978: ** GodotProjectPlugin: enter_tree
2026-09-08T10:28:57.363806Z  INFO backstitch_rust_core::interop::godot_project: 734: Backstitch config has no project id, not autostarting...
2026-09-08T10:29:13.417533Z  INFO backstitch_rust_core::helpers::tracing: 98: Tracing subscriber initialized
2026-09-08T10:29:13.417550Z  INFO backstitch_rust_core::interop::extension: 29: ** on_level_init: Scene
2026-09-08T10:29:13.421237Z  INFO backstitch_rust_core::interop::extension: 46: ** on_level_init: Editor
2026-09-08T10:29:16.849297Z  INFO backstitch_rust_core::interop::extension: 52: ** on_level_deinit: Editor
2026-09-08T10:29:16.849437Z  INFO backstitch_rust_core::interop::extension: 70: ** on_level_deinit: Scene
2026-09-08T10:30:17.511519Z  INFO backstitch_rust_core::helpers::tracing: 98: Tracing subscriber initialized
2026-09-08T10:30:17.511537Z  INFO backstitch_rust_core::interop::extension: 29: ** on_level_init: Scene
2026-09-08T10:30:17.514996Z  INFO backstitch_rust_core::interop::extension: 46: ** on_level_init: Editor
2026-09-08T10:30:24.146204Z  INFO backstitch_rust_core::interop::extension: 52: ** on_level_deinit: Editor
2026-09-08T10:30:24.146339Z  INFO backstitch_rust_core::interop::extension: 70: ** on_level_deinit: Scene
2026-09-08T10:33:10.063354Z  INFO backstitch_rust_core::helpers::tracing: 98: Tracing subscriber initialized
2026-09-08T10:33:10.063367Z  INFO backstitch_rust_core::interop::extension: 29: ** on_level_init: Scene
2026-09-08T10:33:10.067528Z  INFO backstitch_rust_core::interop::extension: 46: ** on_level_init: Editor
2026-09-08T10:35:01.532297Z  INFO backstitch_rust_core::helpers::tracing: 98: Tracing subscriber initialized
2026-09-08T10:35:01.532314Z  INFO backstitch_rust_core::interop::extension: 29: ** on_level_init: Scene
2026-09-08T10:35:01.535974Z  INFO backstitch_rust_core::interop::extension: 46: ** on_level_init: Editor
2026-09-08T10:36:01.940862Z  INFO backstitch_rust_core::helpers::tracing: 98: Tracing subscriber initialized
2026-09-08T10:36:01.940873Z  INFO backstitch_rust_core::interop::extension: 29: ** on_level_init: Scene
2026-09-08T10:36:01.944718Z  INFO backstitch_rust_core::interop::extension: 46: ** on_level_init: Editor
2026-09-08T10:39:02.069640Z  INFO backstitch_rust_core::helpers::tracing: 98: Tracing subscriber initialized
2026-09-08T10:39:02.069651Z  INFO backstitch_rust_core::interop::extension: 29: ** on_level_init: Scene
2026-09-08T10:39:02.073410Z  INFO backstitch_rust_core::interop::extension: 46: ** on_level_init: Editor
2026-09-08T10:39:16.652260Z  INFO backstitch_rust_core::interop::extension: 52: ** on_level_deinit: Editor
2026-09-08T10:39:16.652404Z  INFO backstitch_rust_core::interop::extension: 70: ** on_level_deinit: Scene
2026-09-08T10:42:32.910279Z  INFO backstitch_rust_core::helpers::tracing: 98: Tracing subscriber initialized
2026-09-08T10:42:32.910295Z  INFO backstitch_rust_core::interop::extension: 29: ** on_level_init: Scene
2026-09-08T10:42:32.913980Z  INFO backstitch_rust_core::interop::extension: 46: ** on_level_init: Editor
2026-09-08T10:43:48.009971Z  INFO backstitch_rust_core::interop::extension: 52: ** on_level_deinit: Editor
2026-09-08T10:43:48.010199Z  INFO backstitch_rust_core::interop::extension: 70: ** on_level_deinit: Scene
2026-09-08T10:49:27.781844Z  INFO backstitch_rust_core::helpers::tracing: 98: Tracing subscriber initialized
2026-09-08T10:49:27.781867Z  INFO backstitch_rust_core::interop::extension: 29: ** on_level_init: Scene
2026-09-08T10:49:27.785509Z  INFO backstitch_rust_core::interop::extension: 46: ** on_level_init: Editor
2026-09-08T10:53:06.595413Z  INFO backstitch_rust_core::interop::extension: 52: ** on_level_deinit: Editor
2026-09-08T10:53:06.595667Z  INFO backstitch_rust_core::interop::extension: 70: ** on_level_deinit: Scene
2026-09-08T10:57:55.245577Z  INFO backstitch_rust_core::helpers::tracing: 98: Tracing subscriber initialized
2026-09-08T10:57:55.245596Z  INFO backstitch_rust_core::interop::extension: 29: ** on_level_init: Scene
2026-09-08T10:57:55.249128Z  INFO backstitch_rust_core::interop::extension: 46: ** on_level_init: Editor
2026-09-08T10:57:59.323126Z  INFO backstitch_rust_core::interop::extension: 52: ** on_level_deinit: Editor
2026-09-08T10:57:59.323317Z  INFO backstitch_rust_core::interop::extension: 70: ** on_level_deinit: Scene
2026-09-08T10:58:02.463312Z  INFO backstitch_rust_core::helpers::tracing: 98: Tracing subscriber initialized
2026-09-08T10:58:02.463327Z  INFO backstitch_rust_core::interop::extension: 29: ** on_level_init: Scene
2026-09-08T10:58:02.466746Z  INFO backstitch_rust_core::interop::extension: 46: ** on_level_init: Editor
2026-09-08T10:58:20.791690Z  INFO backstitch_rust_core::interop::extension: 52: ** on_level_deinit: Editor
2026-09-08T10:58:20.791828Z  INFO backstitch_rust_core::interop::extension: 70: ** on_level_deinit: Scene
2026-09-08T10:58:58.902248Z  INFO backstitch_rust_core::helpers::tracing: 98: Tracing subscriber initialized
2026-09-08T10:58:58.902261Z  INFO backstitch_rust_core::interop::extension: 29: ** on_level_init: Scene
2026-09-08T10:58:58.905731Z  INFO backstitch_rust_core::interop::extension: 46: ** on_level_init: Editor
2026-09-08T11:00:16.199550Z  INFO backstitch_rust_core::interop::extension: 52: ** on_level_deinit: Editor
2026-09-08T11:00:16.199731Z  INFO backstitch_rust_core::interop::extension: 70: ** on_level_deinit: Scene
2026-09-08T11:07:44.760059Z DEBUG backstitch_rust_core::interop::godot_project: 1025: ** GodotProjectPlugin: exit_tree
2026-09-08T11:07:45.550817Z  INFO backstitch_rust_core::interop::extension: 52: ** on_level_deinit: Editor
2026-09-08T11:07:45.551117Z  INFO backstitch_rust_core::interop::extension: 70: ** on_level_deinit: Scene
2026-09-08T14:23:25.990182Z  INFO backstitch_rust_core::helpers::tracing: 98: Tracing subscriber initialized
2026-09-08T14:23:25.990206Z  INFO backstitch_rust_core::interop::extension: 29: ** on_level_init: Scene
2026-09-08T14:23:25.994251Z  INFO backstitch_rust_core::interop::extension: 46: ** on_level_init: Editor
2026-09-08T14:23:28.005261Z DEBUG backstitch_rust_core::interop::godot_project: 978: ** GodotProjectPlugin: enter_tree
2026-09-08T14:23:32.772130Z  INFO backstitch_rust_core::interop::godot_project: 734: Backstitch config has no project id, not autostarting...
2026-09-08T14:23:39.504757Z  INFO backstitch_rust_core::helpers::tracing: 98: Tracing subscriber initialized
2026-09-08T14:23:39.504776Z  INFO backstitch_rust_core::interop::extension: 29: ** on_level_init: Scene
2026-09-08T14:23:39.508746Z  INFO backstitch_rust_core::interop::extension: 46: ** on_level_init: Editor
2026-09-08T14:24:48.369619Z  INFO backstitch_rust_core::interop::extension: 52: ** on_level_deinit: Editor
2026-09-08T14:24:48.369751Z  INFO backstitch_rust_core::interop::extension: 70: ** on_level_deinit: Scene
2026-09-08T15:02:36.124412Z  INFO backstitch_rust_core::helpers::tracing: 98: Tracing subscriber initialized
2026-09-08T15:02:36.124424Z  INFO backstitch_rust_core::interop::extension: 29: ** on_level_init: Scene
2026-09-08T15:02:36.128120Z  INFO backstitch_rust_core::interop::extension: 46: ** on_level_init: Editor
2026-09-08T15:02:38.096499Z  INFO backstitch_rust_core::interop::extension: 52: ** on_level_deinit: Editor
2026-09-08T15:02:38.096679Z  INFO backstitch_rust_core::interop::extension: 70: ** on_level_deinit: Scene
2026-09-08T15:04:01.993987Z  INFO backstitch_rust_core::helpers::tracing: 98: Tracing subscriber initialized
2026-09-08T15:04:01.993999Z  INFO backstitch_rust_core::interop::extension: 29: ** on_level_init: Scene
2026-09-08T15:04:01.997426Z  INFO backstitch_rust_core::interop::extension: 46: ** on_level_init: Editor
2026-09-08T15:04:27.551884Z  INFO backstitch_rust_core::interop::extension: 52: ** on_level_deinit: Editor
2026-09-08T15:04:27.552013Z  INFO backstitch_rust_core::interop::extension: 70: ** on_level_deinit: Scene
2026-09-08T15:09:28.250820Z  INFO backstitch_rust_core::helpers::tracing: 98: Tracing subscriber initialized
2026-09-08T15:09:28.250836Z  INFO backstitch_rust_core::interop::extension: 29: ** on_level_init: Scene
2026-09-08T15:09:28.254579Z  INFO backstitch_rust_core::interop::extension: 46: ** on_level_init: Editor
2026-09-08T15:11:47.948763Z  INFO backstitch_rust_core::interop::extension: 52: ** on_level_deinit: Editor
2026-09-08T15:11:47.948939Z  INFO backstitch_rust_core::interop::extension: 70: ** on_level_deinit: Scene
2026-09-08T15:12:14.201466Z  INFO backstitch_rust_core::helpers::tracing: 98: Tracing subscriber initialized
2026-09-08T15:12:14.201480Z  INFO backstitch_rust_core::interop::extension: 29: ** on_level_init: Scene
2026-09-08T15:12:14.204934Z  INFO backstitch_rust_core::interop::extension: 46: ** on_level_init: Editor
2026-09-08T15:12:23.130169Z  INFO backstitch_rust_core::interop::extension: 52: ** on_level_deinit: Editor
2026-09-08T15:12:23.130347Z  INFO backstitch_rust_core::interop::extension: 70: ** on_level_deinit: Scene
2026-09-08T15:47:28.247274Z  INFO backstitch_rust_core::helpers::tracing: 98: Tracing subscriber initialized
2026-09-08T15:47:28.247286Z  INFO backstitch_rust_core::interop::extension: 29: ** on_level_init: Scene
2026-09-08T15:47:28.250847Z  INFO backstitch_rust_core::interop::extension: 46: ** on_level_init: Editor
2026-09-08T15:49:12.188474Z  INFO backstitch_rust_core::interop::extension: 52: ** on_level_deinit: Editor
2026-09-08T15:49:12.188700Z  INFO backstitch_rust_core::interop::extension: 70: ** on_level_deinit: Scene
2026-09-08T15:49:15.060340Z DEBUG backstitch_rust_core::interop::godot_project: 1025: ** GodotProjectPlugin: exit_tree
2026-09-08T15:49:15.914096Z  INFO backstitch_rust_core::interop::extension: 52: ** on_level_deinit: Editor
2026-09-08T15:49:15.914634Z  INFO backstitch_rust_core::interop::extension: 70: ** on_level_deinit: Scene
2026-09-09T07:01:58.265844Z  INFO backstitch_rust_core::helpers::tracing: 98: Tracing subscriber initialized
2026-09-09T07:01:58.265869Z  INFO backstitch_rust_core::interop::extension: 29: ** on_level_init: Scene
2026-09-09T07:01:58.270913Z  INFO backstitch_rust_core::interop::extension: 46: ** on_level_init: Editor
2026-09-09T07:02:00.686100Z DEBUG backstitch_rust_core::interop::godot_project: 978: ** GodotProjectPlugin: enter_tree
2026-09-09T07:02:10.809115Z  INFO backstitch_rust_core::interop::godot_project: 734: Backstitch config has no project id, not autostarting...
2026-09-09T07:22:25.274960Z DEBUG backstitch_rust_core::interop::godot_project: 1025: ** GodotProjectPlugin: exit_tree
2026-09-09T07:22:26.214289Z  INFO backstitch_rust_core::interop::extension: 52: ** on_level_deinit: Editor
2026-09-09T07:22:26.214617Z  INFO backstitch_rust_core::interop::extension: 70: ** on_level_deinit: Scene
2026-09-09T18:19:33.866327Z  INFO backstitch_rust_core::helpers::tracing: 98: Tracing subscriber initialized
2026-09-09T18:19:33.866353Z  INFO backstitch_rust_core::interop::extension: 29: ** on_level_init: Scene
2026-09-09T18:19:33.870695Z  INFO backstitch_rust_core::interop::extension: 46: ** on_level_init: Editor
2026-09-09T18:19:36.003945Z DEBUG backstitch_rust_core::interop::godot_project: 978: ** GodotProjectPlugin: enter_tree
2026-09-09T18:19:40.823702Z  INFO backstitch_rust_core::interop::godot_project: 734: Backstitch config has no project id, not autostarting...
2026-09-09T18:30:24.474188Z  INFO backstitch_rust_core::helpers::tracing: 98: Tracing subscriber initialized
2026-09-09T18:30:24.474214Z  INFO backstitch_rust_core::interop::extension: 29: ** on_level_init: Scene
2026-09-09T18:30:24.478082Z  INFO backstitch_rust_core::interop::extension: 46: ** on_level_init: Editor
2026-09-09T18:30:35.088091Z  INFO backstitch_rust_core::interop::extension: 52: ** on_level_deinit: Editor
2026-09-09T18:30:35.088291Z  INFO backstitch_rust_core::interop::extension: 70: ** on_level_deinit: Scene
2026-09-09T18:36:49.672037Z  INFO backstitch_rust_core::helpers::tracing: 98: Tracing subscriber initialized
2026-09-09T18:36:49.672050Z  INFO backstitch_rust_core::interop::extension: 29: ** on_level_init: Scene
2026-09-09T18:36:49.675561Z  INFO backstitch_rust_core::interop::extension: 46: ** on_level_init: Editor
2026-09-09T18:37:02.818276Z  INFO backstitch_rust_core::interop::extension: 52: ** on_level_deinit: Editor
2026-09-09T18:37:02.818493Z  INFO backstitch_rust_core::interop::extension: 70: ** on_level_deinit: Scene
2026-09-09T18:47:32.387332Z  INFO backstitch_rust_core::helpers::tracing: 98: Tracing subscriber initialized
2026-09-09T18:47:32.387344Z  INFO backstitch_rust_core::interop::extension: 29: ** on_level_init: Scene
2026-09-09T18:47:32.390996Z  INFO backstitch_rust_core::interop::extension: 46: ** on_level_init: Editor
2026-09-09T18:47:35.462314Z  INFO backstitch_rust_core::interop::extension: 52: ** on_level_deinit: Editor
2026-09-09T18:47:35.462528Z  INFO backstitch_rust_core::interop::extension: 70: ** on_level_deinit: Scene
2026-09-09T18:52:42.021100Z  INFO backstitch_rust_core::helpers::tracing: 98: Tracing subscriber initialized
2026-09-09T18:52:42.021112Z  INFO backstitch_rust_core::interop::extension: 29: ** on_level_init: Scene
2026-09-09T18:52:42.024926Z  INFO backstitch_rust_core::interop::extension: 46: ** on_level_init: Editor
2026-09-09T18:52:49.577039Z  INFO backstitch_rust_core::interop::extension: 52: ** on_level_deinit: Editor
2026-09-09T18:52:49.577236Z  INFO backstitch_rust_core::interop::extension: 70: ** on_level_deinit: Scene
2026-09-09T18:52:56.268162Z  INFO backstitch_rust_core::helpers::tracing: 98: Tracing subscriber initialized
2026-09-09T18:52:56.268176Z  INFO backstitch_rust_core::interop::extension: 29: ** on_level_init: Scene
2026-09-09T18:52:56.271958Z  INFO backstitch_rust_core::interop::extension: 46: ** on_level_init: Editor
2026-09-09T18:52:57.984645Z  INFO backstitch_rust_core::interop::extension: 52: ** on_level_deinit: Editor
2026-09-09T18:52:57.984838Z  INFO backstitch_rust_core::interop::extension: 70: ** on_level_deinit: Scene
